id_ucd,id_merk,type,model,color,year,id_transmission,id_fuel_type,door,cylinder_size,cylinder_total,turbo,mileage,license_plate,price_cash,price_credit,nilai_jual_pkb,pkb_pokok,stnk_date,levy_date,swdkllj,total_levy,showroom_name,showroom_location,showroom_regency,photo_1,photo_2,photo_3,link,created_at,updated_at
1,Mazda,CX-5,SUV,Hitam,2016,2,Gasoline,5,2500,4,0,72000,B 2961 SXV,295000000,280000000,335000000,NULL,3/23/2024,3/23/2027,NULL,NULL,O2 Auto,"Bintaro, Banten",Banten,NULL,NULL,NULL,NULL,4/3/2023 9:31,4/3/2023 9:31
44,Mazda,3 5 HB 6E,MINIBUS,HITAM METALIK,2016,2,Gasoline,5,1998,4,0,55000,B 2713 BYI,340000000,360000000,273000000,5733000,10/22/2023,10/22/2023,143000,5876000,GARAGE 88,"Jl.Radio 1 No.19, Kebayoran Baru, Jakarta Selatan",Jakarta Selatan,2018-11-18.jpg,NULL,NULL,NULL,4/11/2023 17:50,4/11/2023 17:50
160,Mazda,CX 5,SUV,PUIH METALIK,2014,2,Gasoline,5,2498,4,0,95000,B 1458 TYZ,287000000,277000000,265000000,5565000,10/20/2024,10/20/2024,153000,5718000,BEST MOBILINDO,"Jl. Industri Raya No.10, RW.10, Danau Sunter Dll, Kec. Pademangan, Kota Jkt Utara",Jakarta Utara,BEST MOBILINDO.jpg,NULL,NULL,NULL,4/15/2023 21:08,4/15/2023 21:08
90,Hyundai,I-20,MINIBUS,MERAH,2010,2,Gasoline,5,1396,4,0,100000,B 1849 TKP,85000000,100000000,88000000,3234000,11/16/2025,11/16/2023,143000,3377000,MAJU JAYA MOTOR,"JL. Mangga Dua Raya, No. 8, RW.5, Ancol, Kec. Pademangan, Jkt Utara",Jakarta Utara,2020-02-29.jpg,NULL,NULL,NULL,4/13/2023 4:38,4/13/2023 4:38
25,Range Rover,RANGE ROVER 4.2L V8 AT,JEEP S.C.HDTP,HITAM,2007,2,Gasoline,5,4187,8,0,95,B 2907 SXV,535000000,550000000,536000000,11256000,10/16/2024,10/16/2023,143000,11399000,ARJUNA MOTOR DEALER MOBIL BEKAS,jln raya jatiwaringin no 2 pangkalan jati kalimalang Jakarta timur,Jakarta Timur,2021-01-22.jpg,NULL,NULL,NULL,4/11/2023 7:29,4/11/2023 7:29
135,Range Rover,RANGE ROVER SPORT HSE,SUV,PUTIH,2014,2,Gasoline,5,2994,4,0,43000,B 8647 GK,1250000000,1150000000,1212000000,25452000,8/27/2023,8/27/2023,143000,25595000,SPECTRUM MOTOR,"Bursa otomotif, Jl. Sunter Kirana Raya, RT.10/RW.11, Sunter Jaya, Tanjung Priok, JAKARTA UTARA",Jakarta Utara,SPECTRUM MOTOR.jpg,NULL,NULL,NULL,4/14/2023 0:56,4/14/2023 0:56
19,Jeep,GRAND CHEROKEE 5.7AT,JEEP L.C.HDTP,ABU ABU,2011,2,Gasoline,4,5654,8,0,45000,B 1526 PJG,425000000,440000000,511000000,10731000,11/1/2023,11/1/2022,143000,12231800,ARJUNA MOTOR DEALER MOBIL BEKAS,Jl raya jatiwaringin no 2 pangkalan jati kalimalang Jakarta timur,Jakarta Timur,2021-01-22.jpg,NULL,NULL,NULL,4/11/2023 5:54,4/11/2023 5:54
136,Jeep,JK Wrangler Sahara,JEEP,MERAH,2012,2,Gasoline,2,3604,4,0,51000,B 1186 BLQ,775000000,750000000,285000000,5985000,3/23/2024,3/23/2024,143000,6128000,SPECTRUM MOTOR,"Bursa otomotif, Jl. Sunter Kirana Raya, RT.10/RW.11, Sunter Jaya, Tanjung Priok, JAKARTA UTARA",Jakarta Utara,SPECTRUM MOTOR.jpg,NULL,NULL,NULL,4/14/2023 3:16,4/14/2023 3:16
3,Chevrolet,TRAX,Minibus,Silver,2017,2,Gasoline,5,1400,4,1,42000,B 2760 SZF,205000000,195000000,NULL,NULL,1/8/2022,1/8/2022,NULL,NULL,O2 Auto,"Bursa Mobil Bintaro, Banten",Banten,NULL,NULL,NULL,NULL,4/4/2023 10:02,4/4/2023 10:02
28,Jaguar,XF 3.0 V6 AT,SEDAN,HITAM METALIK,2011,2,Gasoline,5,2967,6,0,75000,B 2732 SXJ,289000000,304000000,435000000,8917500,5/28/2026,5/28/2022,143000,11122400,ARJUNA MOTOR DEALER MOBIL BEKAS,jln raya jatiwaringin no 2 pangkalan jati kalimalang Jakarta timur,Jakarta Timur,2021-01-22.jpg,NULL,NULL,NULL,4/11/2023 8:00,4/11/2023 8:00
27,VW,TOUAREG 2.5L AT,JEEP L.C.HDTP,SILVER METALIK,2006,2,Gasoline,5,2460,5,0,55000,B 2359 SBF,215000000,230000000,243000000,5103000,6/14/2027,6/14/2023,143000,5246000,ARJUNA MOTOR DEALER MOBIL BEKAS,jln raya jatiwaringin no 2 pangkalan jati kalimalang Jakarta timur,Jakarta Timur,2021-01-22.jpg,NULL,NULL,NULL,4/11/2023 7:40,4/11/2023 7:40
142,Mazda,BIANTE 2.0L,MINIBUS,PUTIH METALIK,2015,2,Gasoline,5,1999,4,0,55000,B 2924 BFS,192000000,207000000,212000000,4452000,12/28/2025,12/28/2023,143000,4595000,KING AUTO CARS,"Jl. Pahlawan Revolusi No.6, RT.6/RW.12, Pd. Bambu, Kec. Duren Sawit, Kota Jakarta Timur",Jakarta Timur,IMG_0522.JPG,NULL,NULL,NULL,4/15/2023 4:34,4/15/2023 4:34
131,Ford,Mustang 2.3L Ecoboost,SEDAN,MERAH,2016,2,Gasoline,2,2300,4,1,80000,B 1635 SER,1020000000,1025000000,563000000,11541500,2/14/2027,2/14/2027,143000,11684500,ZUL GCR AUTO CARS,"Wtc Mangga Dua Jl. Raya Pantura No.8, Ancol, Kec. Pademangan, Jkt Utara",Jakarta Utara,NULL,NULL,NULL,NULL,4/14/2023 0:13,4/14/2023 0:13
134,Porsche,MACAN,SUV,PUTIH,2015,2,Gasoline,5,1984,4,1,40000,B 2101 SXL,890000000,850000000,712000000,18690000,6/10/2026,6/10/2026,143000000,18833000,SPECTRUM MOTOR,"Bursa otomotif, Jl. Sunter Kirana Raya, RT.10/RW.11, Sunter Jaya, Tanjung Priok, JAKARTA UTARA",Jakarta Utara,SPECTRUM MOTOR.jpg,NULL,NULL,NULL,4/14/2023 0:50,4/14/2023 0:50
94,Lexus,RX 300 LUXURY,JEEP S.C.HDTP,HITAM METALIK,2020,2,Gasoline,5,1998,4,0,9000,B 2831 BJC,1290000000,1360000000,1060000000,27825000,11/8/2026,11/8/2023,143000,27968000,BELLI AUTO CAR,"Pasar Mobil kemayoran Blok T no 8-9, RT.3/RW.6, Kemayoran, Kec. Kemayoran, Kota Jakarta Pusat",Jakarta Pusat,D31A4839-A749-4B5C-A27D-C79FE39859FB.jpeg,NULL,NULL,NULL,4/13/2023 5:37,4/13/2023 5:37
137,Lexus,LX 570,SUV,ABU ABU METALIK,2017,2,Gasoline,5,5663,4,1,35000,B 1177 TN,2400000000,2250000000,1964000000,41244000,9/29/2025,9/29/2025,143,41387000,SPECTRUM MOTOR,"Bursa otomotif, Jl. Sunter Kirana Raya, RT.10/RW.11, Sunter Jaya, Tanjung Priok, JAKARTA UTARA",Jakarta Utara,SPECTRUM MOTOR.jpg,NULL,NULL,NULL,4/14/2023 3:19,4/14/2023 3:19
29,Audi,Q7 3.0 TFSI AT,JEEP L.C.HDTP,HITAM METALIK,2011,2,Gasoline,5,3000,4,0,120,B 2127 SBQ,323000000,338000000,452000000,9492000,4/15/2027,4/15/2023,143000,9635000,ARJUNA MOTOR DEALER MOBIL BEKAS,jln raya jatiwaringin no 2 pangkalan jati kalimalang Jakarta timur,Jakarta Timur,2021-01-22.jpg,NULL,NULL,NULL,4/11/2023 8:08,4/11/2023 8:08
2,BMW,320i SPORT,Sedan,Hitam,2020,2,Gasoline,5,1998,4,1,12000,B 1445 CAB,815000000,795000000,715000000,NULL,1/6/2023,1/6/2025,NULL,NULL,O2 Auto,"Bursa Mobil Bintaro, Banten",Banten,NULL,NULL,NULL,NULL,4/4/2023 9:53,4/4/2023 9:53
17,BMW,X7,SUV,Hitam,2020,2,Gasoline,5,3000,6,1,4000,B 257 IRZ,2275000000,2100000000,275000000,NULL,1/12/2023,1/12/2025,NULL,NULL,Baruna Motor,"Jl. RS. Fatmawati Raya No.79, RT.4/RW.4, Cilandak Bar., Jakarta, Kota Jakarta Selatan",Jakarta Selatan,NULL,NULL,NULL,NULL,4/10/2023 17:53,4/10/2023 17:53
24,BMW,528 I AT,SEDAN,BIRU,1997,2,Gasoline,5,2793,6,0,160000,B 1617 BDY,650000000,665000000,66000000,1353000,11/10/2026,11/10/2022,143000,1728400,ARJUNA MOTOR DEALER MOBIL BEKAS,jln raya jatiwaringin no 2 pangkalan jati kalimalang Jakarta timur,Jakarta Timur,2021-01-22.jpg,NULL,NULL,NULL,4/11/2023 7:22,4/11/2023 7:22
57,BMW,320I,SEDAN,PUTIH METALIK,2015,2,Gasoline,5,1997,4,0,38000,B 1671 TBE,360000000,375000000,455000000,11659400,11/15/2026,11/15/2023,143000,11802400,GARAGE 88,"Jl.Radio 1 No.19, Kebayoran Baru, Jakarta Selatan",Jakarta Selatan,2018-11-18.jpg,NULL,NULL,NULL,4/11/2023 19:35,4/11/2023 19:35
93,BMW,320I,SEDAN,PUTIH METALIK,2014,2,Gasoline,5,1997,4,0,42000,B 1846 UAE,338000000,353000000,337000000,6908500,9/9/2024,9/9/2023,143000,7051500,MAJU JAYA MOTOR,"JL. Mangga Dua Raya, No. 8, RW.5, Ancol, Kec. Pademangan, Jkt Utara",Jakarta Utara,2020-02-29.jpg,NULL,NULL,NULL,4/13/2023 4:52,4/13/2023 4:52
107,BMW,320i E90,SEDAN,HITAM METALIK,2010,2,Gasoline,4,1995,4,0,56000,B 2595 SXA,222000000,232000000,203000000,4161500,6/5/2025,6/5/2025,143000,4304500,ZUL GCR AUTO CARS,"Wtc Mangga Dua Jl. Raya Pantura No.8, Ancol, Kec. Pademangan, Jkt Utara",Jakarta Utara,wtc mangga 2.jpg,NULL,NULL,NULL,4/13/2023 11:31,4/13/2023 11:31
196,BMW,520I G30,SEDAN,HITAM METALIK,2018,2,Gasoline,4,1998,4,0,40000,B 1934 PAI,779000000,794000000,761000000,15600500,2/14/2024,2/14/2024,143000,15743500,TOKO MOBILKU,"Jl. Meruya Selatan No. 43, , Meruya Selatan, Kec. Kembangan, Jakarta Barat",Jakarta Barat,Toko mobilku.jpg,NULL,NULL,NULL,4/16/2023 19:32,4/16/2023 19:32
18,Mercedes Benz,E 300 AT (CKD),SEDAN,PUTIH,2012,2,Gasoline,4,2996,4,0,49000,B 2287 SBO,375000000,390000000,330000000,6765000,6/11/2027,6/11/2023,143000,6908000,ARJUNA MOTOR DEALER MOBIL BEKAS,Jl raya jatiwaringin no 2 pangkalan jati kalimalang Jakarta timur,Jakarta Timur,2021-01-22.jpg,NULL,NULL,NULL,4/11/2023 5:34,4/11/2023 5:34
20,Mercedes Benz,R350 L AT,JEEP L.C.HDTP,HITAM METALIK,2007,2,Gasoline,4,3498,6,0,90000,B 2507 PBG,285000000,300000000,298000000,6258000,4/10/2023,4/10/2023,143000,6701000,ARJUNA MOTOR DEALER MOBIL BEKAS,Jl raya jatiwaringin no 2 pangkalan jati kalimalang Jakarta timur,Jakarta Timur,2021-01-22.jpg,NULL,NULL,NULL,4/11/2023 6:10,4/11/2023 6:10
26,Mercedes Benz,300 GE,JEEP S.C.HDTP,UNGU METALIK,1993,2,Gasoline,5,2960,6,0,130000,B 1391 SCZ,875000000,890000000,49000000,1543500,12/12/2027,12/12/2023,143000,1686500,ARJUNA MOTOR DEALER MOBIL BEKAS,jln raya jatiwaringin no 2 pangkalan jati kalimalang Jakarta timur,Jakarta Timur,2021-01-22.jpg,NULL,NULL,NULL,4/11/2023 7:35,4/11/2023 7:35
97,Mercedes Benz,S 350 L,SEDAN,PUTIH METALIK,2012,2,Gasoline,5,3498,8,0,40000,B 2869 SXJ,530000000,545000000,850000000,21781300,11/19/2027,11/19/2023,143000,21924300,RND AUTO,"Jl. Boulevard Raya Gading Serpong No.08, Curug Sangereng, Kec. Klp. Dua, Kabupaten Tangerang, Banten",Banten,2023-01-23.jpg,NULL,NULL,NULL,4/13/2023 6:03,4/13/2023 6:03
98,Mercedes Benz,SLK250,SEDAN,PUTIH,2012,2,Gasoline,3,1796,4,0,35000,B 1516 PAI,675000000,690000000,601000000,12320500,5/17/2023,5/17/2023,143000,12763500,GARASI MOBILKU,"Jl. Gading Serpong Boulevard, Pakulonan Bar., Kec. Klp. Dua, Kabupaten Tangerang, Banten",Banten,A94A8B08-64D8-4E07-9518-4867103D3425.jpeg,NULL,NULL,NULL,4/13/2023 6:18,4/13/2023 6:18
104,Mercedes Benz,SLK 200 CGI,SEDAN,MERAH METALIK,2012,2,Gasoline,2,1796,4,0,30000,B 2902 PBU,555000000,565000000,530000000,13581300,6/5/2027,6/5/2027,143000,13724300,ZUL GCR AUTO CARS,"Wtc Mangga Dua Jl. Raya Pantura No.8, Ancol, Kec. Pademangan, Jkt Utara",Jakarta Utara,wtc mangga 2.jpg,NULL,NULL,NULL,4/13/2023 11:06,4/13/2023 11:06
128,Mercedes Benz,E 250,SEDAN,BIRU METALIK,2017,2,Gasoline,5,1991,4,0,75000,B 1077 BAH,588000000,603000000,853000000,17486500,5/20/2027,5/20/2023,143000,17629500,PT.SURYA DARMA PERKAS,"Jl. Raya Daan Mogot No.km 1 no 99, RT.6/RW.5, Duri Kepa, Kec. Kb. Jeruk, Kota Jakarta Barat",Jakarta Barat,2022-05-19.jpg,NULL,NULL,NULL,4/13/2023 20:33,4/13/2023 20:33
178,Mercedes Benz,C 250 AT,SEDAN,HITAM METALIK,2015,2,Gasoline,5,1991,4,0,70000,B 2549 PBU,560000000,575000000,425000000,8712500,1/19/2026,1/19/2024,143000,8855500,TIMUR JAYA MOBIL,"Jl. Angkasa No.Kav B6, RW.10, South Gunung Sahari, Kemayoran, Jakarta Pusat",Jakarta Pusat,timur-68.jpg,NULL,NULL,NULL,4/16/2023 16:54,4/16/2023 16:54
195,Mercedes Benz,C 200,SEDAN,HITAM METALIK,2017,2,Gasoline,4,1991,4,0,60000,B 1588 SAO,615000000,630000000,500000000,10250000,11/1/2027,11/1/2027,143000,10393000,TOKO MOBILKU,"Jl. Meruya Selatan No. 43, , Meruya Selatan, Kec. Kembangan, Jakarta Barat",Jakarta Barat,Toko mobilku.jpg,NULL,NULL,NULL,4/16/2023 19:27,4/16/2023 19:27
108,Datsun,Go Panca,MINIBUS,SILVER METALIK,2014,2,Gasoline,5,1198,4,0,49000,B 2194 UGY,125000000,140000000,72000000,1512000,1/12/2028,1/12/2024,143000,1655000,FORESTA MOTOR,"RT.001/RW.013, Panunggangan Bar., Kec. Cibodas, Kota Tangerang, Banten",Banten,2022-05-15.jpg,NULL,NULL,NULL,4/13/2023 17:57,4/13/2023 17:57
117,Wuling,CONFERO 1.5,MINIBUS,PUTIH,2021,2,Gasoline,5,1485,4,0,50000,B 2972 SRQ,108000000,123000000,115000000,3018800,4/9/2026,4/9/2023,143000,3257200,SAUNG MOBIL,"Jl. Raya Serpong No.39, Pd. Jagung, Kec. Serpong Utara, Kota Tangerang Selatan, Banten",Banten,IMG-20200130-WA0001.jpg,NULL,NULL,NULL,4/13/2023 19:10,4/13/2023 19:10
143,Wuling,ALMAZ1.5S,MINIBUS,PUTIH,2021,2,Gasoline,5,1451,4,0,25000,B 2305 SRX,214999000,229999000,206000000,5407500,7/5/2026,7/5/2023,143000,5550500,Martak Auto Boutique,"Jl Pahlawan Revolusi no 39A, Pondok Bambu Jakarta Timur",Jakarta Timur,2022-12-31.jpg,NULL,NULL,NULL,4/15/2023 11:31,4/15/2023 11:31
48,Nissan,NEW TERRAE2.5,JEEP L.C.HDTP,PUTIH,2019,2,Gasoline,5,2488,4,1,44000,B 2398 SJC,340000000,355000000,353000000,7413000,7/9/2025,7/9/2023,143000,7556000,GARAGE 88,"Jl.Radio 1 No.19, Kebayoran Baru, Jakarta Selatan",Jakarta Selatan,2018-11-18.jpg,NULL,NULL,NULL,4/11/2023 18:31,4/11/2023 18:31
52,Nissan,LIVINA EL 1.5,MINIBUS,PUTIH,2019,2,Gasoline,5,1499,4,0,74000,B 2291 SIA,178000000,193000000,173000000,3633000,4/13/2024,4/13/2024,143000,3776000,GARAGE 88,"Jl.Radio 1 No.19, Kebayoran Baru, Jakarta Selatan",Jakarta Selatan,2018-11-18.jpg,NULL,NULL,NULL,4/11/2023 19:01,4/11/2023 19:01
64,Nissan,SERENA2.0HWSTAR,MINIBUS,SILVER METALIK,2013,2,Gasoline,5,1997,4,0,125000,B 2979 UBD,158000000,173000000,145000000,3045000,4/8/2028,4/8/2024,143000,3188000,GARAGE 88,"Jl.Radio 1 No.19, Kebayoran Baru, Jakarta Selatan",Jakarta Selatan,2018-11-18.jpg,NULL,NULL,NULL,4/11/2023 20:19,4/11/2023 20:19
66,Nissan,JUKE 1.5,MINIBUS,MERAH,2018,2,Gasoline,5,1498,4,0,95000,B 2036 BYA,178000000,193000000,184000000,3864000,7/13/2023,7/13/2023,143000,4007000,GARAGE 88,"Jl.Radio 1 No.19, Kebayoran Baru, Jakarta Selatan",Jakarta Selatan,2018-11-18.jpg,NULL,NULL,NULL,4/11/2023 20:29,4/11/2023 20:29
91,Nissan,JUKE 1.5,MINIBUS,PUTIH,2016,2,Gasoline,5,1498,4,0,80000,B 1719 SZV,168000000,183000000,167000000,4383800,9/26/2027,9/26/2023,143000,4526800,MAJU JAYA MOTOR,"JL. Mangga Dua Raya, No. 8, RW.5, Ancol, Kec. Pademangan, Jkt Utara",Jakarta Utara,2020-02-29.jpg,NULL,NULL,NULL,4/13/2023 4:43,4/13/2023 4:43
113,Nissan,JUKE 1.5,MINIBUS,ABU ABU TUA METALIK,2014,2,Gasoline,5,1498,4,0,145000,B 1234 PFS,135000000,150000000,151000000,3171000,2/26/2025,2/26/2024,143000,3314000,DHL AUTOCARS,"Bursa Mobil, Mall WTC Matahari, Pd. Jagung, Kec. Serpong Utara, Kota Tangerang Selatan, Banten",Banten,P_20160118_193340.jpg,NULL,NULL,NULL,4/13/2023 18:43,4/13/2023 18:43
114,Nissan,SERENA 2.0,MINIBUS,HITAM,2013,2,Gasoline,5,1997,4,0,96000,B 1210 UZM,140000000,155000000,115000000,2415000,4/19/2024,4/19/2023,143000,2558000,SAUNG MOBIL,"Jl. Raya Serpong No.39, Pd. Jagung, Kec. Serpong Utara, Kota Tangerang Selatan, Banten",Banten,IMG-20200130-WA0001.jpg,NULL,NULL,NULL,4/13/2023 18:57,4/13/2023 18:57
139,Nissan,JUKE 1.5 RX,SUV,SILVER METALIK,2012,2,Gasoline,5,1498,4,0,130000,B 1051 PZP,135000000,125000000,137000000,2877000,9/4/2023,9/4/2023,143000,3020000,TOKO MOBILKU,"Jl. Meruya Selatan Jl. Tol Lkr. Luar Jkt No. 43, , Meruya Selatan, Kec. Kembangan, Jakarta Barat",Jakarta Barat,Toko mobilku.jpg,NULL,NULL,NULL,4/14/2023 3:57,4/14/2023 3:57
153,Nissan,X-TRAIL 2.5,MINIBUS,PUTIH,2014,2,Gasoline,5,2488,4,0,75000,B 1796 BIQ,185000000,200000000,233000000,4893000,12/24/2024,12/24/2023,153000,5046000,UNITY MOBILINDO,"Jl. Imam Bonjol No.88B, Karawaci, Kec. Karawaci, Kota Tangerang, Banten 15113",Banten,2023-04-11.jpg,NULL,NULL,NULL,4/15/2023 13:02,4/15/2023 13:02
182,Nissan,X-TRAIL 2.5,MINIBUS,HITAM,2014,2,Gasoline,5,2488,4,0,120000,B 2362 PBL,178000000,193000000,233000000,4893000,NULL,NULL,153000,5046000,TIMUR JAYA MOBIL,"Jl. Angkasa No.Kav B6, RW.10, South Gunung Sahari, Kemayoran Jakarta",Jakarta Pusat,timur-68.jpg,NULL,NULL,NULL,4/16/2023 17:43,4/16/2023 17:43
191,Nissan,GR LIVINA 1.5,MINIBUS,MERAH TUA,2016,2,Gasoline,5,1498,4,0,70000,B 2830 BKS,125000000,140000000,133000000,2793000,10/31/2026,10/31/2023,143000,2936000,TIMUR JAYA MOBIL,"Jl. Angkasa No.Kav B6, RW.10, South Gunung Sahari, Kemayoran, Jakarta",Jakarta Pusat,timur-68.jpg,NULL,NULL,NULL,4/16/2023 18:25,4/16/2023 18:25
192,Nissan,SERENA2.0,MINIBUS,HITAM,2014,2,Gasoline,5,1997,4,0,90000,B 1845 SVK,180000000,195000000,179000000,3759000,2/6/2023,2/6/2023,143000,4462600,TIMUR JAYA MOBIL,"Jl. Angkasa No.Kav B6, RW.10, South Gunung Sahari, Kemayoran, Jakarta",Jakarta Pusat,timur-68.jpg,NULL,NULL,NULL,4/16/2023 18:28,4/16/2023 18:28
88,Suzuki,ARK415F GT,MINIBUS,ABU ABU METALIK,2019,2,Gasoline,5,1462,4,0,25000,B 2659 BIQ,189000000,204000000,189000000,3969000,11/21/2024,11/21/2023,143000,4112000,MAJU JAYA MOTOR,"JL. Mangga Dua Raya, No. 8, RW.5, Ancol, Kec. Pademangan, Jkt Utara",Jakarta Utara,2020-02-29.jpg,NULL,NULL,NULL,4/13/2023 4:27,4/13/2023 4:27
110,Suzuki,ARK415F GX,MINIBUS,ABU ABU METALIK,2019,2,Gasoline,5,1462,4,0,50000,B 2792 TYK,180000000,195000000,168000000,3528000,3/29/2024,3/29/2023,143000,3671000,FORESTA MOTOR,"RT.001/RW.013, Panunggangan Bar., Kec. Cibodas, Kota Tangerang, Banten",Banten,2022-05-15.jpg,NULL,NULL,NULL,4/13/2023 18:05,4/13/2023 18:05
112,Suzuki,AVI414F,MINIBUS,ABU ABU METALIK,2013,1,Gasoline,5,1373,4,0,100000,B 1506 SYQ,115000000,130000000,100000000,2100000,1/9/2024,1/9/2024,143000,2243000,DHL AUTOCARS,"Bursa Mobil, Mall WTC Matahari, Pd. Jagung, Kec. Serpong Utara, Kota Tangerang Selatan, Banten",Banten,P_20160118_193340.jpg,NULL,NULL,NULL,4/13/2023 18:39,4/13/2023 18:39
123,Suzuki,APV GC 415V,MINIBUS,ABU ABU METALIK,2009,2,Gasoline,5,1493,4,0,110000,B 1250 SFH,85000000,100000000,91000000,1911000,3/16/2024,3/16/2024,143000,2054000,FARREL MOTOR,"Pondok kelapa 2 blok A 8 no.35 jakarta timur Jakarta, RT.2/RW.4, Pd. Klp., Kec. Duren Sawit, Kota Jakarta Timur",Jakarta Timur,2022-10-18.jpg,NULL,NULL,NULL,4/13/2023 20:04,4/13/2023 20:04
124,Suzuki,GC415V APV,MINIBUS,HITAM METALIK,2010,2,Gasoline,5,1493,4,0,110000,B 1245 SKJ,90000000,105000000,97000000,2037000,6/26/2025,6/26/2023,143000,2180000,FARREL MOTOR,"Pondok kelapa 2 blok A 8 no.35 jakarta timur Jakarta, RT.2/RW.4, Pd. Klp., Kec. Duren Sawit, Kota Jakarta Timur",Jakarta Timur,2022-10-18.jpg,NULL,NULL,NULL,4/13/2023 20:07,4/13/2023 20:07
157,Suzuki,All New Baleno,MINIBUS,MERAH,2017,2,Gasoline,5,1372,4,0,100000,B 2687 SZT,163000000,178000000,127000000,2667000,3/12/2028,3/12/2024,143000,2810000,THOR MOTOR,"Jl. Marsekal Suryadarma No.52, RT.003/RW.008, Neglasari, Kec. Neglasari, Kota Tangerang, Banten 15129",Banten,IMG_20190129_162739.jpg,NULL,NULL,NULL,4/15/2023 13:34,4/15/2023 13:34
169,Suzuki,All New Baleno,MINIBUS,MERAH,2019,2,Gasoline,5,1372,4,0,20000,B 2786 TID,175000000,190000000,164000000,3444000,11/19/2024,11/19/2023,143000,3587000,ANGEL CARS,"Ps. Mobil Kemayoran, Jl. Industri Raya No.11, RW.10, Kemayoran, Kec. Kemayoran, Kota Jakarta Pusat",Jakarta Pusat,2023-03-22.jpg,NULL,NULL,NULL,4/16/2023 6:06,4/16/2023 6:06
204,Suzuki,Baleno Next-G,SEDAN,MERAH,2003,2,Gasoline,5,1498,4,0,112000,B 8022 DE,62500000,57500000,,,,,,,ESCO AUTO,"Jl. BB No. 01 A RT.3/RW.8 Cipinang Muara, Jatinegara, Jakarta Timur",Jakarta Timur,NULL,NULL,NULL,NULL,,
12,Mitsubishi,Outlander Sport PX 2.0,SUV,HITAM,2017,2,Gasoline,5,1998,4,0,57000,B 1928 UJP,235000000,255000000,239000000,5019000,11/28/2027,11/28/2027,143000,5162000,Mirza Mobil,"Jl. I Gusti Ngurah Rai Jl. Kp. Sumur Utara No.80-81, RT.15/RW.17, Klender, Kec. Duren Sawit, Kota Jakarta Timur",Jakarta Timur,Mirza Mobil.jpg,NULL,NULL,NULL,4/7/2023 15:16,4/7/2023 15:16
45,Mitsubishi,OUTL SP2.0L GLS4X2,JEEP L.C.HDTP,PUTIH METALIK,2013,2,Gasoline,5,1998,4,0,140000,B 1195 PJG,140000000,150000000,118000000,2478000,8/24/2023,8/24/2023,143000,2621000,GARAGE 88,"Jl.Radio 1 No.19, Kebayoran Baru, Jakarta Selatan",Jakarta Selatan,2018-11-18.jpg,NULL,NULL,NULL,4/11/2023 18:01,4/11/2023 18:01
54,Mitsubishi,XPANDER15LSPORT,MINIBUS,PUTIH,2018,2,Gasoline,5,1499,4,0,60000,B 2253 SZU,205000000,220000000,179000000,3759000,3/21/2028,3/21/2024,143000,3902000,GARAGE 88,"Jl.Radio 1 No.19, Kebayoran Baru, Jakarta Selatan",Jakarta Selatan,2018-11-18.jpg,NULL,NULL,NULL,4/11/2023 19:15,4/11/2023 19:15
92,Mitsubishi,XPANDER15LGLS,MINIBUS,SILVER METALIK,2019,2,Gasoline,5,1499,4,0,30000,B 2746 SIV,175000000,190000000,165000000,3465000,12/14/2024,12/14/2023,143000,3608000,MAJU JAYA MOTOR,"JL. Mangga Dua Raya, No. 8, RW.5, Ancol, Kec. Pademangan, Jkt Utara",Jakarta Utara,2020-02-29.jpg,NULL,NULL,NULL,4/13/2023 4:48,4/13/2023 4:48
99,Mitsubishi,XPANDER15LULT,MINIBUS,HITAM,2019,2,Gasoline,5,1499,4,0,16000,B 2803 UOL,230000000,245000000,194000000,4074000,1/10/2025,1/10/2024,143000,4217000,GARASI MOBILKU,"Jl. Gading Serpong Boulevard, Pakulonan Bar., Kec. Klp. Dua, Kabupaten Tangerang, Banten",Banten,A94A8B08-64D8-4E07-9518-4867103D3425.jpeg,NULL,NULL,NULL,4/13/2023 6:22,4/13/2023 6:22
105,Mitsubishi,Xpander Ultimate,Minibus,HITAM,2019,2,Gasoline,5,1499,4,0,38000,B 2945 UOA,208000000,213000000,194000000,5092500,7/4/2024,7/4/2024,143000,5235500,ZUL GCR AUTO CARS,"Wtc Mangga Dua Jl. Raya Pantura No.8, Ancol, Kec. Pademangan, Jkt Utara",Jakarta Utara,wtc mangga 2.jpg,NULL,NULL,NULL,4/13/2023 11:13,4/13/2023 11:13
118,Mitsubishi,XPAND1.5LULT,MINIBUS,SILVER METALIK,2018,2,Gasoline,4,1499,4,0,30000,B 2586 BZV,229000000,244000000,185000000,4856300,5/17/2023,5/17/2023,143000,5299300,SAUNG MOBIL,"Jl. Raya Serpong No.39, Pd. Jagung, Kec. Serpong Utara, Kota Tangerang Selatan, Banten 15326",Banten,IMG-20200130-WA0001.jpg,NULL,NULL,NULL,4/13/2023 19:33,4/13/2023 19:33
122,Mitsubishi,XPANDER15LSPORT,MINIBUS,HITAM,2019,2,Gasoline,5,1499,4,0,55000,B 2139 SIB,210000000,225000000,187000000,3927000,4/29/2024,4/29/2022,143000,5112500,FARREL MOTOR,"Pondok kelapa 2 blok A 8 no.35 jakarta timur Jakarta, RT.2/RW.4, Pd. Klp., Kec. Duren Sawit, Kota Jakarta Timur",Jakarta Timur,2022-10-18.jpg,NULL,NULL,NULL,4/13/2023 20:00,4/13/2023 20:00
133,Mitsubishi,Xpander Sport,SUV,ABU ABU METALIK,2019,2,Gasoline,5,1499,4,0,26000,B 2036 SIB,200000000,210000000,187000000,3927000,4/30/2024,4/30/2024,143000,4070000,ZUL GCR AUTO CARS,"Wtc Mangga Dua Jl. Raya Pantura No.8, Ancol, Kec. Pademangan, Jkt Utara",Jakarta Utara,NULL,NULL,NULL,NULL,4/14/2023 0:26,4/14/2023 0:26
180,Mitsubishi,XPANDER15LSPORT,MICRO/MINIBUS,HITAM,2019,2,Gasoline,5,1499,4,0,30000,B 2462 PKF,195000000,210000000,187000000,3927000,9/12/2024,9/12/2023,143000,4070000,TIMUR JAYA MOBIL,"Jl. Angkasa No.Kav B6, RW.10, South Gunung Sahari, Kemayoran, Jakarta",Jakarta Pusat,timur-68.jpg,NULL,NULL,NULL,4/16/2023 17:18,4/16/2023 17:18
200,Mitsubishi,Xpander Cross Prem,SUV,ABU ABU TUA,2020,2,Gasoline,5,1499,4,0,16000,B 2465 BRG,275000000,235000000,205,5381300,11/20/2025,11/20/2025,143000,5524300,DANS MOBILINDO,"Bursa WTC Mangga Dua, Jl. Mangga Dua Raya No.8, RW.5, Ancol, Kec. Pademangan, Jkt Utara",Jakarta Utara,NULL,NULL,NULL,NULL,4/16/2023 22:18,4/16/2023 22:18
202,Mitsubishi,Mirage Exceed,Minibus,PUTIH METALIK,2013,2,Gasoline,5,1193,4,0,70000,B 1104 TRQ,110000000,99000000,97000000,2037000,9/17/2023,9/17/2023,143000,2180000,DANS MOBILINDO,"Bursa WTC Mangga Dua, Jl. Mangga Dua Raya No.8, RW.5, Ancol, Kec. Pademangan, Jkt Utara",Jakarta Utara,NULL,NULL,NULL,NULL,4/16/2023 22:35,4/16/2023 22:35
6,Daihatsu,Gran Max D 1.3,Minibus,Silver Metalik,2017,2,Gasoline,5,1298,3,0,178000,B 2608 UFH,107500000,115000000,102000000,2142000,6/13/2027,6/13/2027,143000,2285000,Mirza Mobil,"Jl. I Gusti Ngurah Rai Jl. Kp. Sumur Utara No.80-81, RT.15/RW.17, Klender, Kec. Duren Sawit, Kota Jakarta Timur",Jakarta Timur,Mirza Mobil.jpg,NULL,NULL,NULL,4/7/2023 14:36,4/7/2023 14:36
8,Daihatsu,Sigra X 1.2,Minibus,Silver Metalik,2018,2,Gasoline,5,1197,4,0,61000,B 2610 PFG,115000000,1225000000,101000000,2121000,5/11/2023,5/11/2023,143,2564000,Mirza Mobil,"Jl. I Gusti Ngurah Rai Jl. Kp. Sumur Utara No.80-81, RT.15/RW.17, Klender, Kec. Duren Sawit, Kota Jakarta Timur",Jakarta Timur,Mirza Mobil.jpg,NULL,NULL,NULL,4/7/2023 14:49,4/7/2023 14:49
11,Daihatsu,Gran Max D 1.5,Minibus,Silver Metalik,2019,1,Gasoline,5,1495,4,0,80000,B 2253 UKZ,132500000,142500000,128000000,2688000,6/12/2024,6/12/2024,143000,2831000,Mirza Mobil,"Jl. I Gusti Ngurah Rai Jl. Kp. Sumur Utara No.80-81, RT.15/RW.17, Klender, Kec. Duren Sawit, Kota Jakarta Timur",Jakarta Timur,Mirza Mobil.jpg,NULL,NULL,NULL,4/7/2023 15:06,4/7/2023 15:06
14,Daihatsu,Sigra R Deluxe 1.2,Minibus,Silver Metalik,2017,1,Gasoline,5,1197,4,0,94000,B 2359 SZD,109500000,117000000,91000000,1911000,8/19/2027,8/19/2027,143000,2054000,Mirza Mobil,"Jl. I Gusti Ngurah Rai Jl. Kp. Sumur Utara No.80-81, RT.15/RW.17, Klender, Kec. Duren Sawit, Kota Jakarta Timur,",Jakarta Timur,Mirza Mobil.jpg,NULL,NULL,NULL,4/7/2023 16:31,4/7/2023 16:31
15,Daihatsu,Gran Max D Front Facing 1.3,Minibus,PUTIH,2018,1,Gasoline,5,1298,4,0,138000,B 2819 BYE,115000000,125000000,96000000,2016000,9/5/2023,9/5/2023,143000,2159000,Mirza Mobil,"Jl. I Gusti Ngurah Rai Jl. Kp. Sumur Utara No.80-81, RT.15/RW.17, Klender, Kec. Duren Sawit, Kota Jakarta Timur",Jakarta Timur,Mirza Mobil.jpg,NULL,NULL,NULL,4/7/2023 17:04,4/7/2023 17:04
22,Daihatsu,AYLA1.0XAT(B100GQQFJ,MICRO/MINIBUS,MERAH,2016,2,Gasoline,5,998,3,0,60,B 2470 BKS,103000000,88000000,82000000,1722000,10/26/2026,10/26/2023,143000,1865000,ARJUNA MOTOR DEALER MOBIL BEKAS,Jl raya jatiwaringin no 2 pangkalan jati kalimalang Jakarta timur,Jakarta Timur,2021-01-22.jpg,NULL,NULL,NULL,4/11/2023 6:41,4/11/2023 6:41
32,Daihatsu,Gran Max D 1.5,Minibus,SILVER METALIK,2016,1,Gasoline,5,1495,4,0,103000,B 2638 BKD,107500000,115000000,103000000,2163000,5/16/2026,12/5/2026,143000,2306000,Mirza Mobil,"Jl. I Gusti Ngurah Rai Jl. Kp. Sumur Utara No.80-81, RT.15/RW.17, Klender, Kec. Duren Sawit, Kota Jakarta Timur",Jakarta Timur,Mirza Mobil.jpg,NULL,NULL,NULL,4/11/2023 11:44,4/11/2023 11:44
35,Daihatsu,Sigra X 1.2,Minibus,HITAM,2016,2,Gasoline,5,1197,4,0,135000,B 1573 PYX,105000000,112000000,88000000,1848000,11/7/2026,11/7/2026,143,1991000,Mirza Mobil,"Jl. I Gusti Ngurah Rai Jl. Kp. Sumur Utara No.80-81, RT.15/RW.17, Klender, Kec. Duren Sawit, Kota Jakarta Timur",Jakarta Timur,Mirza Mobil.jpg,NULL,NULL,NULL,4/11/2023 12:14,4/11/2023 12:14
43,Daihatsu,TER15RF,MINIBUS,PUTIH,2016,2,Gasoline,5,1495,4,0,78000,B 2866 BKV,145000000,160000000,143000000,3003000,12/5/2026,12/5/2023,143000,3146000,YANSA AUTO,"Jl. Boulevard Raya Gading Serpong No.2, Curug Sangereng, Banten,",Banten,2023-02-14.jpg,NULL,NULL,NULL,4/11/2023 17:27,4/11/2023 17:27
49,Daihatsu,TERIOS F700RG,MINIBUS,SILVER METALIK,2012,2,Gasoline,5,1495,4,0,107000,B 2100 TVI,123000000,138000000,110000000,2887500,11/2/2027,11/2/2023,143000,3030500,GARAGE 88,"Jl.Radio 1 No.19, Kebayoran Baru, Jakarta Selatan",Jakarta Selatan,2018-11-18.jpg,NULL,NULL,NULL,4/11/2023 18:41,4/11/2023 18:41
70,Daihatsu,Gran Max D Front Facing 1.3,Minibus,SILVER METALIK,2018,1,Gasoline,5,1298,4,0,106000,B 2799 BYA,115000000,125000000,96000000,2016000,7/23/2023,7/23/2023,143,2159000,Mirza Mobil,"l. I Gusti Ngurah Rai Jl. Kp. Sumur Utara No.80-81, RT.15/RW.17, Klender, Kec. Duren Sawit, Kota Jakarta Timur",Jakarta Timur,Mirza Mobil.jpg,NULL,NULL,NULL,4/12/2023 8:13,4/12/2023 8:13
71,Daihatsu,Great New Xenia R Sporty 1.3,Minibus,SILVER METALIK,2017,1,Gasoline,5,1329,4,0,67000,B 1274 PIU,148000000,158000000,129000000,2709000,10/13/2027,10/13/2027,143000,2852000,Mirza Mobil,"l. I Gusti Ngurah Rai Jl. Kp. Sumur Utara No.80-81, RT.15/RW.17, Klender, Kec. Duren Sawit, Kota Jakarta Timur",Jakarta Timur,Mirza Mobil.jpg,NULL,NULL,NULL,4/12/2023 8:18,4/12/2023 8:18
89,Daihatsu,AYLA1.0M,MINIBUS,ABU ABU METALIK,2018,2,Gasoline,5,998,3,0,17000,B 2139 BYB,95000000,110000000,85000000,1785000,7/24/2023,7/24/2023,143000,1928000,MAJU JAYA MOTOR,"JL. Mangga Dua Raya, No. 8, RW.5, Ancol, Kec. Pademangan, Jkt Utara",Jakarta Utara,2020-02-29.jpg,NULL,NULL,NULL,4/13/2023 4:34,4/13/2023 4:34
115,Daihatsu,TERIOS F700RG,MINIBUS,HITAM METALIK,2013,2,Gasoline,5,1495,4,0,120000,B 1112 SYP,120000000,135000000,123000000,2583000,12/27/2023,12/27/2023,143000,2726000,SAUNG MOBIL,"Jl. Raya Serpong No.39, Pd. Jagung, Kec. Serpong Utara, Kota Tangerang Selatan, Banten",Banten,IMG-20200130-WA0001.jpg,NULL,NULL,NULL,4/13/2023 19:02,4/13/2023 19:02
140,Daihatsu,B401RS,MINIBUS,HITAM,2019,2,Gasoline,5,1197,4,0,25000,B 2206 TYH,122000000,137000000,109000000,109000000,2/12/2024,2/12/2024,143000,2432000,KING AUTO CARS,"Jl. Pahlawan Revolusi No.6, RT.6/RW.12, Pd. Bambu, Kec. Duren Sawit, Kota Jakarta Timur",Jakarta Timur,NULL,NULL,NULL,NULL,4/15/2023 4:17,4/15/2023 4:17
145,Daihatsu,XEN13XMT,MINIBUS,ABU ABU METALIK,2018,2,Gasoline,5,1329,4,0,40000,B 2517 BZY,133000000,148000000,131000000,2751000,6/28/2023,6/28/2023,143000,2894000,HANS MOTOR,"Ruko WR, Jl. Imam Bonjol Blok A No.11-12, RT.002/RW.003, Sukajadi, Kec. Karawaci, Kota Tangerang, Banten 15115",Banten,2018-07-31.jpg,NULL,NULL,NULL,4/15/2023 12:06,4/15/2023 12:06
146,Daihatsu,LUXIO 1.5,MINIBUS,SILVER METALIK,2009,2,Gasoline,5,1495,4,0,115000,B 1430 TFY,99000000,114000000,81000000,1701000,2/9/2025,2/9/2024,143000,1844000,HANS MOTOR,"Ruko WR, Jl. Imam Bonjol Blok A No.11-12, RT.002/RW.003, Sukajadi, Kec. Karawaci, Kota Tangerang, Banten 15115",Banten,2018-07-31.jpg,NULL,NULL,NULL,4/15/2023 12:14,4/15/2023 12:14
148,Daihatsu,F651RV,MINIBUS,HITAM METALIK,2013,1,Gasoline,5,1298,4,0,70000,B 1773 BRV,99000000,114000000,97000000,2037000,8/15/2023,8/15/2023,143000,2180000,HANS MOTOR,"Ruko WR, Jl. Imam Bonjol Blok A No.11-12, RT.002/RW.003, Sukajadi, Kec. Karawaci, Kota Tangerang, Banten 15115",Banten,2018-07-31.jpg,NULL,NULL,NULL,4/15/2023 12:22,4/15/2023 12:22
151,Daihatsu,XEN13RMT,MINIBUS,SILVER METALIK,2018,1,Gasoline,5,1329,4,0,65000,B 2445 BZU,135000000,150000000,135000000,2835000,5/8/2028,5/8/2024,143000,2978000,UNITY MOBILINDO,"Jl. Imam Bonjol No.88B, Karawaci, Kec. Karawaci, Kota Tangerang, Banten 15113",Banten,2023-04-11.jpg,NULL,NULL,NULL,4/15/2023 12:53,4/15/2023 12:53
155,Daihatsu,B100RS,MINIBUS,HITAM,2014,2,Gasoline,5,998,3,0,65000,B 1592 BYU,87000000,102000000,77000000,1617000,5/20/2024,5/20/2024,143000,1760000,THOR MOTOR,"Jl. Marsekal Suryadarma No.52, RT.003/RW.008, Neglasari, Kec. Neglasari, Kota Tangerang, Banten 15129",Banten,IMG_20190129_162739.jpg,NULL,NULL,NULL,4/15/2023 13:21,4/15/2023 13:21
156,Daihatsu,TERI15,MINIBUS,HITAM METALIK,2019,2,Gasoline,5,1496,4,0,75000,B 2538 UOE,189000000,204000000,188000000,3948000,8/29/2024,8/29/2023,143000,4091000,THOR MOTOR,"Jl. Marsekal Suryadarma No.52, RT.003/RW.008, Neglasari, Kec. Neglasari, Kota Tangerang, Banten 15129",Banten,IMG_20190129_162739.jpg,NULL,NULL,NULL,4/15/2023 13:30,4/15/2023 13:30
163,Daihatsu,AYLA12X,MINIBUS,SILVER METALIK,2022,2,Gasoline,5,1197,4,0,30000,B 2771 UIA,130000000,145000000,112000000,2352000,9/1/2027,9/1/2023,143000,2495000,SUKSES MOBILINDO 2,"Sebelah PT Panasonic, Jl. Raya Bogor No.Km. 28, Pekayon, Kec. Ps. Rebo",Jakarta Timur,2022-12-03.jpg,NULL,NULL,NULL,4/16/2023 4:58,4/16/2023 4:58
164,Daihatsu,TER15RF700R,MINIBUS,SILVER METALIK,2017,1,Gasoline,5,1495,4,0,60000,B 2520 UFQ,161000000,176000000,157000000,3297000,11/27/2027,11/27/2023,143000,3440000,SUKSES MOBILINDO 2,"Sebelah PT Panasonic, Jl. Raya Bogor No.Km. 28, Pekayon, Kec. Ps. Rebo",Jakarta Timur,2022-12-03.jpg,NULL,NULL,NULL,4/16/2023 5:01,4/16/2023 5:01
166,Daihatsu,XEN15RMT,MINIBUS,SILVER METALIK,2020,1,Gasoline,5,1496,4,0,30000,B 2217 SRB,160000000,175000000,157000000,3297000,2/10/2025,2/10/2024,143000,3440000,SECOND CARS 15,"JL. Pahlawan Revolusi no 8, Duren SawitJakarta Timur",Jakarta Timur,thumbnail.jpg,NULL,NULL,NULL,4/16/2023 5:22,4/16/2023 5:22
174,Daihatsu,B401RS,MINIBUS,HITAM,2017,1,Gasoline,5,1197,4,0,50000,B 2970 BOR,101000000,116000000,91000000,2388800,7/26/2027,7/26/2023,143000,2531800,ASHENA MOBILINDO,"Jl. Pahlawan Revolusi No.2, Pd. Bambu, Kec. Duren Sawit, Kota Jakarta Timur",Jakarta Timur,thumbnail (1).jpg,NULL,NULL,NULL,4/16/2023 15:34,4/16/2023 15:34
175,Daihatsu,AYLA12R,MINIBUS,HITAM,2018,2,Gasoline,5,1197,4,0,30000,B 2420 UKD,110000000,125000000,104000000,2184000,7/2/2023,7/2/2023,143000,2327000,ASHENA MOBILINDO,"Jl. Pahlawan Revolusi No.2, Pd. Bambu, Kec. Duren Sawit, Kota Jakarta Timur",Jakarta Timur,thumbnail (1).jpg,NULL,NULL,NULL,4/16/2023 15:40,4/16/2023 15:40
13,Honda,Jazz S CVT 1.5,Minibus,HITAM MUTIARA,2018,2,Gasoline,5,1496,4,0,59000,B 2561 PFK,185500000,198000000,181000000,3801000,8/1/2023,8/1/2023,143000,3944000,Mirza Mobil,"Jl. I Gusti Ngurah Rai Jl. Kp. Sumur Utara No.80-81, RT.15/RW.17, Klender, Kec. Duren Sawit, Kota Jakarta Timur,",Jakarta Timur,Mirza Mobil.jpg,NULL,NULL,NULL,4/7/2023 15:39,4/7/2023 15:39
33,Honda,Mobilio E CVT 1.5,Minibus,MERAH METALIK,2016,2,Gasoline,5,1496,4,0,116000,B 2196 SKV,142000000,152000000,133000000,2793000,7/30/2026,7/30/2026,143000,2936000,Mirza Mobil,"Jl. I Gusti Ngurah Rai Jl. Kp. Sumur Utara No.80-81, RT.15/RW.17, Klender, Kec. Duren Sawit, Kota Jakarta Timur",Jakarta Timur,Mirza Mobil.jpg,NULL,NULL,NULL,4/11/2023 12:02,4/11/2023 12:02
41,Honda,JAZZ GK5,MINIBUS,HITAM MUTIARA,2020,2,Gasoline,5,1496,4,0,15000,B 2868 SGZ,250000000,265000000,210000000,4410000,10/12/2026,10/12/2023,143000,4553000,YANSA AUTO,"Jl. Boulevard Raya Gading Serpong No.2, Curug Sangereng, Banten",Banten,2023-02-14.jpg,NULL,NULL,NULL,4/11/2023 14:57,4/11/2023 14:57
47,Honda,ACCORD CP2 2.4,SEDAN,ABU ABU METALIK,2013,2,Gasoline,5,2354,4,0,82000,B 2704 STJ,205000000,220000000,253000000,5186500,11/29/2023,11/29/2023,143000,5329500,GARAGE 88,"Jl.Radio 1 No.19, Kebayoran Baru, Jakarta Selatan",Jakarta Selatan,2018-11-18.jpg,NULL,NULL,NULL,4/11/2023 18:23,4/11/2023 18:23
53,Honda,BRIO SATYA1.2,MINIBUS,MERAH,2016,2,Gasoline,5,1198,4,0,30000,B 2313 TKW,127000000,142000000,111000000,2331000,1/12/2027,1/12/2024,143000,2474000,GARAGE 88,"Jl.Radio 1 No.19, Kebayoran Baru, Jakarta Selatan",Jakarta Selatan,2018-11-18.jpg,NULL,NULL,NULL,4/11/2023 19:07,4/11/2023 19:07
55,Honda,JAZZ GK5 15RS,MINIBUS,PUTIH METALIK,2014,2,Gasoline,5,1496,4,0,93000,B 1979 BIQ,178000000,193000000,171000000,3591000,12/30/2024,12/30/2023,143000,3734000,GARAGE 88,"Jl.Radio 1 No.19, Kebayoran Baru, Jakarta Selatan",Jakarta Selatan,2018-11-18.jpg,NULL,NULL,NULL,4/11/2023 19:23,4/11/2023 19:23
58,Honda,CR-V 2.0,JEEP S.C.HDTP,HITAM MUTIARA,2018,2,Gasoline,5,1997,4,0,60000,B 1422 UJS,323000000,338000000,322000000,6762000,1/9/2024,1/9/2024,143000,6905000,GARAGE 88,"Jl.Radio 1 No.19, Kebayoran Baru, Jakarta Selatan",Jakarta Selatan,2018-11-18.jpg,NULL,NULL,NULL,4/11/2023 19:44,4/11/2023 19:44
59,Honda,CRV RE1 2WD2.4,JEEP S.C.HDTP,HITAM MUTIARA,2011,2,Gasoline,5,2354,4,0,125000,B 1966 TCY,145000000,160000000,165000000,3465000,4/12/2026,4/12/2023,143000,3608000,GARAGE 88,"Jl.Radio 1 No.19, Kebayoran Baru, Jakarta Selatan",Jakarta Selatan,2018-11-18.jpg,NULL,NULL,NULL,4/11/2023 19:53,4/11/2023 19:53
60,Honda,CRV RM3,JEEP L.C.HDTP,COKLAT METALIK,2015,2,Gasoline,5,2354,4,0,115000,B 1930 PJI,262000000,277000000,297000000,6237000,5/26/2025,5/26/2023,143000,6380000,GARAGE 88,"Jl.Radio 1 No.19, Kebayoran Baru, Jakarta Selatan",Jakarta Selatan,2018-11-18.jpg,NULL,NULL,NULL,4/11/2023 19:58,4/11/2023 19:58
62,Honda,CRV RM1 2WD2.0,JEEP S.C.HDTP,PUTIH,2012,2,Gasoline,5,1997,4,0,63000,B 2027 BBQ,185000000,200000000,169000000,3549000,10/24/2027,10/24/2023,143000,3692000,GARAGE 88,"Jl.Radio 1 No.19, Kebayoran Baru, Jakarta Selatan",Jakarta Selatan,2018-11-18.jpg,NULL,NULL,NULL,4/11/2023 20:08,4/11/2023 20:08
63,Honda,BRIOSATYADD1 12E,MINIBUS,MERAH,2015,1,Gasoline,5,1198,4,0,74000,B 2315 SFG,110000000,125000000,91000000,2866500,3/11/2025,3/11/2024,143000,3009500,GARAGE 88,"Jl.Radio 1 No.19, Kebayoran Baru, Jakarta Selatan",Jakarta Selatan,2018-11-18.jpg,NULL,NULL,NULL,4/11/2023 20:13,4/11/2023 20:13
76,Honda,HONDAHRVRU518,MINIBUS,PUTIH,2017,2,Gasoline,5,1799,4,0,70000,B 2019 UFM,269000000,284000000,277000000,5817000,9/4/2027,9/4/2023,143000,5960000,SILOAM MOBILINDO,"WTC Mangga Dua, Jl. Gn. Sahari No.8, RT.1/RW.13, Ancol, Kec. Pademangan, Jkt Utara",Jakarta Pusat,P_20160115_112025.jpg,NULL,NULL,NULL,4/12/2023 13:08,4/12/2023 13:08
77,Honda,JAZZ GK5 15RS,MINIBUS,MERAH,2016,1,Gasoline,5,1496,4,0,55000,B 1924 UIL,185000000,200000000,178000000,5607000,12/20/2026,12/20/2022,143000,6268600,SILOAM MOBILINDO,"WTC Mangga Dua, Jl. Gn. Sahari No.8, RT.1/RW.13, Ancol, Kec. Pademangan, Jkt Utara",Jakarta Pusat,P_20160115_112025.jpg,NULL,NULL,NULL,4/12/2023 13:16,4/12/2023 13:16
78,Honda,ACCORD CP2 2.4,SEDAN,ABU ABU MUD METALIK,2012,2,Gasoline,5,2354,4,0,120000,B 1244 BAE,169000000,184000000,223000000,4571500,2/6/2023,2/6/2023,143000,5323800,SILOAM MOBILINDO,"WTC Mangga Dua, Jl. Gn. Sahari No.8, RT.1/RW.13, Ancol, Kec. Pademangan, Jkt Utara",Jakarta Pusat,P_20160115_112025.jpg,NULL,NULL,NULL,4/12/2023 13:25,4/12/2023 13:25
81,Honda,BRIO DD2 1.3,MINIBUS,HIJAU METALIK,2012,2,Gasoline,5,1339,4,0,98000,B 2897 UBC,102000000,117000000,98000000,2058000,11/20/2027,11/20/2023,143000,2201000,SILOAM MOBILINDO,"WTC Mangga Dua, Jl. Gn. Sahari No.8, RT.1/RW.13, Ancol, Kec. Pademangan, Jkt Utara",Jakarta Pusat,P_20160115_112025.jpg,NULL,NULL,NULL,4/12/2023 13:47,4/12/2023 13:47
85,Honda,H MOBDD4 1.5,MINIBUS,ABU ABU METALIK,2014,2,Gasoline,5,1496,4,0,54000,B 1484 TIE,128000000,143000000,113000000,2373000,12/5/2024,12/5/2023,143000,2516000,MAJU JAYA MOTOR,"JL. Mangga Dua Raya, No. 8, RW.5, Ancol, Kec. Pademangan, Jkt Utara",Jakarta Utara,2020-02-29.jpg,NULL,NULL,NULL,4/13/2023 4:01,4/13/2023 4:01
95,Honda,H MOBDD4 1.5,MINIBUS,HITAM MUTIARA,2016,2,Gasoline,5,1496,4,0,70000,B 2144 TKK,137000000,152000000,133000000,2793000,9/8/2026,9/8/2023,143000,2936000,BELLI AUTO CAR,"Pasar Mobil kemayoran Blok T no 8-9, RT.3/RW.6, Kemayoran, Kec. Kemayoran, Kota Jakarta Pusat",Jakarta Pusat,D31A4839-A749-4B5C-A27D-C79FE39859FB.jpeg,NULL,NULL,NULL,4/13/2023 5:44,4/13/2023 5:44
100,Honda,HONDA BRV,MINIBUS,PUTIH,2017,2,Gasoline,5,1497,4,0,80000,B 2166 SZQ,175000000,190000000,194000000,4074000,1/30/2028,1/30/2024,143000,4217000,NOAH AUTO,"Bursa Mobil Sumarecon Blok G no 28, Curug Sangereng, Kec. Klp. Dua, Kabupaten Tangerang, Banten",Banten,WhatsApp Image 2021-04-20 at 12.49.30 (1).jpeg,NULL,NULL,NULL,4/13/2023 6:34,4/13/2023 6:34
101,Honda,HONDAHRVRU518,MINIBUS,ABU ABU METALIK,2017,2,Gasoline,5,1799,4,0,35000,B 2747 SZR,265000000,280000000,277000000,5817000,2/13/2028,2/13/2024,143000,5960000,FAVOR AUTO,"bella terra, Klp. Gading Bar., Kec. Klp. Gading, Jkt Utara",Jakarta Utara,thumbnail.jpg,NULL,NULL,NULL,4/13/2023 6:47,4/13/2023 6:47
109,Honda,HONDAHRVRU115,MINIBUS,HITAM MUTIARA,2015,2,Gasoline,5,1497,4,0,76000,B 2035 BFD,195000000,210000000,199000000,4179000,5/12/2025,5/12/2023,143000,4322000,FORESTA MOTOR,"RT.001/RW.013, Panunggangan Bar., Kec. Cibodas, Kota Tangerang, Banten",Banten,2022-05-15.jpg,NULL,NULL,NULL,4/13/2023 18:01,4/13/2023 18:01
111,Honda,JAZZ GK5 15RS,MINIBUS,KUNING MUTIARA,2016,2,Gasoline,5,1496,4,0,57000,B 2285 PBT,195000000,210000000,185000000,3885000,10/20/2027,10/20/2023,143000,4028000,FORESTA MOTOR,"RT.001/RW.013, Panunggangan Bar., Kec. Cibodas, Kota Tangerang, Banten",Banten,2022-05-15.jpg,NULL,NULL,NULL,4/13/2023 18:12,4/13/2023 18:12
116,Honda,FREED GB3 1.5,MINIBUS,ABU ABU METALIK,2015,2,Gasoline,5,1497,4,0,85000,B 1137 BIY,180000000,195000000,172000000,4515000,3/13/2025,3/13/2024,143000,4658000,SAUNG MOBIL,"Jl. Raya Serpong No.39, Pd. Jagung, Kec. Serpong Utara, Kota Tangerang Selatan, Banten",Banten,IMG-20200130-WA0001.jpg,NULL,NULL,NULL,4/13/2023 19:05,4/13/2023 19:05
120,Honda,BRIO SATYA1.2,MINIBUS,HITAM MUTIARA,2019,2,Gasoline,5,1198,4,0,50000,B 2915 TYN,150000000,165000000,120700000,3168400,5/10/2024,5/10/2023,143000,3311400,SAUNG MOBIL,"Jl. Raya Serpong No.39, Pd. Jagung, Kec. Serpong Utara, Kota Tangerang Selatan, Banten 15326",Banten,IMG-20200130-WA0001.jpg,NULL,NULL,NULL,4/13/2023 19:41,4/13/2023 19:41
147,Honda,H MOBDD4 1.5,MINIBUS,HITAM METALIK,2014,2,Gasoline,5,2014,4,0,75000,B 2016 BBJ,119000000,134000000,113000000,2373000,5/30/2024,5/30/2023,143000,2516000,HANS MOTOR,"Ruko WR, Jl. Imam Bonjol Blok A No.11-12, RT.002/RW.003, Sukajadi, Kec. Karawaci, Kota Tangerang, Banten 15115",Banten,2018-07-31.jpg,NULL,NULL,NULL,4/15/2023 12:18,4/15/2023 12:18
149,Honda,ONDA BR-V1.5,MINIBUS,PUTIH,2017,2,Gasoline,5,1497,4,0,65000,B 2310 BZJ,170000000,185000000,182000000,3822000,1/12/2028,1/12/2024,143000,3965000,UNITY MOBILINDO,"Jl. Imam Bonjol No.88B, Karawaci, Kec. Karawaci, Kota Tangerang, Banten 15113",Banten,2023-04-11.jpg,NULL,NULL,NULL,4/15/2023 12:32,4/15/2023 12:32
150,Honda,BRIO SATYA1.2,MINIBUS,HITAM MUTIARA,2020,2,Gasoline,5,1198,4,0,75000,B 2319 TIS,152000000,167000000,123000000,2583000,3/16/2025,3/16/2024,143000,2726000,HANS MOTOR,"Jl. Imam Bonjol No.88B, Karawaci, Kec. Karawaci, Kota Tangerang, Banten 15113",Banten,2023-04-11.jpg,NULL,NULL,NULL,4/15/2023 12:36,4/15/2023 12:36
152,Honda,H MOBDD4 1.5,MINIBUS,MERAH METALIK,2014,2,Gasoline,5,1496,4,0,70000,B 1315 BYT,127000000,142000000,113000000,2966300,5/3/2024,5/3/2024,143000,3109300,UNITY MOBILINDO,"Jl. Imam Bonjol No.88B, Karawaci, Kec. Karawaci, Kota Tangerang, Banten 15113",Banten,2023-04-11.jpg,NULL,NULL,NULL,4/15/2023 12:57,4/15/2023 12:57
161,Honda,FREED GB 3,MINIVAN,PUTIH METALIK,2012,2,Gasoline,5,1497,4,0,110000,B 2065 PBT,158000000,148000000,148000000,3108000,3/28/2027,3/28/2027,143000,3251000,TOKO MOBILKU,"Jl. Industri Raya No.10, RW.10, Danau Sunter Dll, Kec. Pademangan, Kota Jkt Utara",Jakarta Utara,BEST MOBILINDO.jpg,NULL,NULL,NULL,4/15/2023 21:14,4/15/2023 21:14
165,Honda,JAZZ GE8 1.5E,MINIBUS,HITAM METALIK,2013,2,Gasoline,5,1496,4,0,80000,B 2945 SXQ,143500000,145000000,151000000,3171000,7/27/2023,7/27/2023,143000,3314000,SUKSES MOBILINDO 2,"Sebelah PT Panasonic, Jl. Raya Bogor No.Km. 28, Pekayon, Kec. Ps. Rebo",Jakarta Timur,2022-12-03.jpg,NULL,NULL,NULL,4/16/2023 5:05,4/16/2023 5:05
173,Honda,ACCORD CR2 2.4,SEDAN,PUTIH MUTIARA,2017,2,Gasoline,5,2354,4,0,70000,B 1434 BAH,305000000,320000000,444000000,9102000,1/11/2028,1/11/2024,143000,9245000,ASHENA MOBILINDO,"Jl. Pahlawan Revolusi No.2, Pd. Bambu, Kec. Duren Sawit, Kota Jakarta Timur",Jakarta Timur,thumbnail (1).jpg,NULL,NULL,NULL,4/16/2023 15:30,4/16/2023 15:30
184,Honda,JAZZ GE8 1.5S,MINIBUS,ABU ABU MUD METALIK,2011,2,Gasoline,5,1496,4,0,120000,B 2479 SXN,117000000,132000000,120000000,3150000,10/28/2026,10/28/2023,143000,3293000,TIMUR JAYA MOBIL,"Jl. Angkasa No.Kav B6, RW.10, South Gunung Sahari, Kemayoran, Jakarta",Jakarta Pusat,timur-68.jpg,NULL,NULL,NULL,4/16/2023 17:53,4/16/2023 17:53
186,Honda,HONDAHRVRU115,MINIBUS,ABU ABU METALIK,2016,2,Gasoline,5,1497,4,0,90000,B 2637 UBP,195000000,210000000,209000000,4389000,1/16/2027,1/16/2024,4389000,4532000,TIMUR JAYA MOBIL,"Jl. Angkasa No.Kav B6, RW.10, South Gunung Sahari, Kemayoran, Jakarta",Jakarta Pusat,timur-68.jpg,NULL,NULL,NULL,4/16/2023 18:01,4/16/2023 18:01
188,Honda,BRIO SATYA1.2,MINIBUS,ABU ABU METALIK,2019,2,Gasoline,5,1198,4,0,30000,B 2597 UOF,145000000,160000000,120700000,2534700,9/18/2024,9/18/2023,143000,2677700,TIMUR JAYA MOBIL,"Jl. Angkasa No.Kav B6, RW.10, South Gunung Sahari, Kemayoran, Jakarta",Jakarta Pusat,timur-68.jpg,NULL,NULL,NULL,4/16/2023 18:15,4/16/2023 18:15
198,Honda,HRV E CVT,SUV,ABU ABU METALIK,2016,2,Gasoline,5,1497,4,0,60000,B 2339 BKN,225000000,235000000,209000000,4389000,9/5/2026,9/5/2026,143000,4532000,TOKO MOBILKU,"Jl. Meruya Selatan No. 43, , Meruya Selatan, Kec. Kembangan, Jakarta Barat",Jakarta Barat,Toko mobilku.jpg,NULL,NULL,NULL,4/16/2023 21:36,4/16/2023 21:36
201,Honda,Jazz Rs,Minibus,ABU ABU METALIK,2013,2,Gasoline,5,1496,4,0,70000,B 2396 UBE,180000000,165000000,151000000,3171000,6/3/2023,6/3/2023,143000,3614000,DANS MOBILINDO,"Bursa WTC Mangga Dua, Jl. Mangga Dua Raya No.8, RW.5, Ancol, Kec. Pademangan, Jkt Utara",Jakarta Utara,NULL,NULL,NULL,NULL,4/16/2023 22:29,4/16/2023 22:29
205,Honda,CRV 2.0,SUV,HITAM,2003,2,Gasoline,5,1998,4,0,145000,B 1160 ELQ,84500000,78000000,,,,,,,ESCO AUTO,"Jl. BB No. 01 A RT.3/RW.8 Cipinang Muara, Jatinegara, Jakarta Timur",Jakarta Timur,NULL,NULL,NULL,NULL,,
206,Honda,CRV 2.0,SUV,SILVER,2004,2,Gasoline,5,1998,4,0,160000,B 8651 QW,83500000,75000000,,,,,,,ESCO AUTO,"Jl. BB No. 01 A RT.3/RW.8 Cipinang Muara, Jatinegara, Jakarta Timur",Jakarta Timur,NULL,NULL,NULL,NULL,,
207,Honda,CRV 2.0,SUV,ETERNAL BLUE PEARL,2003,2,Gasoline,5,1998,4,0,158000,B 8887 EH,83500000,75000000,,,,,,,ESCO AUTO,"Jl. BB No. 01 A RT.3/RW.8 Cipinang Muara, Jatinegara, Jakarta Timur",Jakarta Timur,NULL,NULL,NULL,NULL,,
208,Honda,City gd8,SEDAN,SILVER,2007,2,Gasoline,5,1496,4,0,133000,B 2005 I,84500000,78000000,,,,,,,ESCO AUTO,"Jl. BB No. 01 A RT.3/RW.8 Cipinang Muara, Jatinegara, Jakarta Timur",Jakarta Timur,NULL,NULL,NULL,NULL,,
209,Honda,Accord,SEDAN,HITAM,2004,2,Gasoline,5,2400,4,0,140000,B 1559 FDY,83000000,75000000,,,,,,,ESCO AUTO,"Jl. BB No. 01 A RT.3/RW.8 Cipinang Muara, Jatinegara, Jakarta Timur",Jakarta Timur,NULL,NULL,NULL,NULL,,
210,Honda,Civic,SEDAN,HIJAU METALIK,1997,1,Gasoline,5,1598,4,0,160000,B 1506 FBE,78000000,72000000,,,,,,,ESCO AUTO,"Jl. BB No. 01 A RT.3/RW.8 Cipinang Muara, Jatinegara, Jakarta Timur",Jakarta Timur,NULL,NULL,NULL,NULL,,
4,Toyota,Calya G 1.2,Minibus,Silver Metalik,2017,2,Gasoline,5,1200,4,0,144000,B 2997 TOG,117000000,127000000,11300000,2373000,5/12/2027,5/12/2027,143000,2516046,Mirza Mobil,"Jl. I Gusti Ngurah Rai Jl. Kp. Sumur Utara No.80-81, RT.15/RW.17, Klender, Kec. Duren Sawit, Kota Jakarta Timur,",Jakarta Timur,Mirza Mobil.jpg,NULL,NULL,NULL,4/7/2023 14:09,4/7/2023 14:09
5,Toyota,Grand Avanza G 1.3,Minibus,Silver Metalik,2019,1,Gasoline,5,1300,4,0,102000,B 2768 SIU,170000000,180000000,152000000,3192000,12/4/2024,12/4/2024,143000,3724200,Mirza Mobil,"Jl. I Gusti Ngurah Rai Jl. Kp. Sumur Utara No.80-81, RT.15/RW.17, Klender, Kec. Duren Sawit, Kota Jakarta Timur,",Jakarta Timur,Mirza Mobil.jpg,NULL,NULL,NULL,4/7/2023 14:21,4/7/2023 14:21
7,Toyota,Grand New Avanza Veloz 1.5,Minibus,Silver Metalik,2017,2,Gasoline,5,1496,4,0,85000,B 1837 PIU,165000000,177500000,163000000,163000000,10/21/2027,10/21/2027,143000,3566000,Mirza Mobil,"Jl. I Gusti Ngurah Rai Jl. Kp. Sumur Utara No.80-81, RT.15/RW.17, Klender, Kec. Duren Sawit, Kota Jakarta Timur",Jakarta Timur,Mirza Mobil.jpg,NULL,NULL,NULL,4/7/2023 14:44,4/7/2023 14:44
9,Toyota,Calya G 1.2,Minibus,Silver Metalik,2008,2,Gasoline,5,1197,4,0,103000,B 2005 SZS,122000000,132000000,115000000,2415000,2/21/2024,2/21/2024,143,2558000,Mirza Mobil,"Jl. I Gusti Ngurah Rai Jl. Kp. Sumur Utara No.80-81, RT.15/RW.17, Klender, Kec. Duren Sawit, Kota Jakarta Timur",Jakarta Timur,Mirza Mobil.jpg,NULL,NULL,NULL,4/7/2023 14:55,4/7/2023 14:55
10,Toyota,Grand New Avanza G 1.3,Minibus,HITAM METALIK,2018,1,Gasoline,5,1329,4,0,122000,B 2783 PFS,157500000,1675000000,147000000,3087000,1/11/2024,1/11/2024,143000,3230000,Mirza Mobil,"Jl. I Gusti Ngurah Rai Jl. Kp. Sumur Utara No.80-81, RT.15/RW.17, Klender, Kec. Duren Sawit, Kota Jakarta Timur",Jakarta Timur,Mirza Mobil.jpg,NULL,NULL,NULL,4/7/2023 15:01,4/7/2023 15:01
16,Toyota,Grand New Avanza G 1.3,Minibus,HITAM METALIK,2017,1,Gasoline,5,1329,4,0,92000,B 1328 PIP,150000000,160000000,143000000,3003000,8/9/2027,8/9/2027,143000,3146000,Mirza Mobil,"Jl. I Gusti Ngurah Rai Jl. Kp. Sumur Utara No.80-81, RT.15/RW.17, Klender, Kec. Duren Sawit, Kota Jakarta Timur",Jakarta Timur,Mirza Mobil.jpg,NULL,NULL,NULL,4/7/2023 17:11,4/7/2023 17:11
21,Toyota,LC 100 4.7 AT,JEEP L.C.HDTP,HITAM,2004,2,Gasoline,5,4664,8,0,145000,B 1321 SCZ,475000000,490000000,415000000,8715000,9/9/2027,9/9/2023,143000,8858000,ARJUNA MOTOR DEALER MOBIL BEKAS,Jl raya jatiwaringin no 2 pangkalan jati kalimalang Jakarta timur,Jakarta Timur,2021-01-22.jpg,NULL,NULL,NULL,4/11/2023 6:22,4/11/2023 6:22
23,Toyota,HARRIER 2.4L 2WD AT,JEEP L.C.HDTP,SILVER,2006,2,Gasoline,5,2362,4,0,150000,B 2584 SXM,159000000,174000000,169000000,3549000,9/26/2026,9/26/2022,143000,4288900,ARJUNA MOTOR DEALER MOBIL BEKAS,jln raya jatiwaringin no 2 pangkalan jati kalimalang Jakarta timur,Jakarta Timur,2021-01-22.jpg,NULL,NULL,NULL,4/11/2023 7:07,4/11/2023 7:07
30,Toyota,ESTIMA 2.4 2WD AT,MICRO/MINIBUS,HITAM,2007,2,Gasoline,5,2362,4,0,115000,B 2611 BBM,145000000,160000000,157000000,3297000,11/3/2025,11/3/2022,143000,3905700,ARJUNA MOTOR DEALER MOBIL BEKAS,jln raya jatiwaringin no 2 pangkalan jati kalimalang Jakarta timur,Jakarta Timur,2021-01-22.jpg,NULL,NULL,NULL,4/11/2023 8:45,4/11/2023 8:45
31,Toyota,Kijang Innova Reborn G 2.0,Minibus,PUTIH,2018,2,Gasoline,5,1998,4,0,98000,B 2420 PFK,260000000,280000000,228000000,4788000,7/30/2023,3/1/2023,143000,4931000,Mirza Mobil,"Jl. I Gusti Ngurah Rai Jl. Kp. Sumur Utara No.80-81, RT.15/RW.17, Klender, Kec. Duren Sawit, Kota Jakarta Timur",Jakarta Timur,Mirza Mobil.jpg,NULL,NULL,NULL,4/11/2023 11:34,4/11/2023 11:34
34,Toyota,All New Calya G 1.2,Minibus,HITAM,2021,2,Gasoline,5,1197,4,0,56000,B 2482 SRX,147000000,157000000,122000000,3202500,7/29/2026,7/29/2026,143000,3345500,Mirza Mobil,"Jl. I Gusti Ngurah Rai Jl. Kp. Sumur Utara No.80-81, RT.15/RW.17, Klender, Kec. Duren Sawit, Kota Jakarta Timur",Jakarta Timur,Mirza Mobil.jpg,NULL,NULL,NULL,4/11/2023 12:08,4/11/2023 12:08
36,Toyota,Rush S TRD Sportivo 1.5,Minibus,SILVER METALIK,2017,2,Gasoline,5,1495,4,0,43000,B 1139 PIF,177500000,190000000,174000000,3654000,2/28/2027,2/28/2027,143000,3797000,Mirza Mobil,"Jl. I Gusti Ngurah Rai Jl. Kp. Sumur Utara No.80-81, RT.15/RW.17, Klender, Kec. Duren Sawit, Kota Jakarta Timur",Jakarta Timur,Mirza Mobil.jpg,NULL,NULL,NULL,4/11/2023 12:18,4/11/2023 12:18
37,Toyota,Grand Avanza G 1.3,Minibus,HITAM METALIK,2019,1,Gasoline,5,1329,4,0,92000,B 2445 UOB,172500000,185000000,152000000,3192000,7/10/2024,7/10/2024,143000,3335000,Mirza Mobil,"Jl. I Gusti Ngurah Rai Jl. Kp. Sumur Utara No.80-81, RT.15/RW.17, Klender, Kec. Duren Sawit, Kota Jakarta Timur",Jakarta Timur,Mirza Mobil.jpg,NULL,NULL,NULL,4/11/2023 12:23,4/11/2023 12:23
38,Toyota,Grand New Avanza E 1.3,Minibus,HITAM METALIK,2018,2,Gasoline,5,2018,4,0,134000,B 2543 PFN,142500000,152500000,142000000,2982000,9/25/2023,9/25/2023,143,3125000,Mirza Mobil,"Jl. I Gusti Ngurah Rai Jl. Kp. Sumur Utara No.80-81, RT.15/RW.17, Klender, Kec. Duren Sawit, Kota Jakarta Timur",Jakarta Timur,Mirza Mobil.jpg,NULL,NULL,NULL,4/11/2023 12:29,4/11/2023 12:29
39,Toyota,Kijang Innova Reborn V 2.0,Minibus,HITAM METALIK,2019,2,Gasoline,5,1998,4,0,83000,B 2892 PKF,300000000,325000000,272,5712000,9/24/2024,9/24/2024,143000,5855000,Mirza Mobil,"Jl. I Gusti Ngurah Rai Jl. Kp. Sumur Utara No.80-81, RT.15/RW.17, Klender, Kec. Duren Sawit, Kota Jakarta Timur",Jakarta Timur,Mirza Mobil.jpg,NULL,NULL,NULL,4/11/2023 12:33,4/11/2023 12:33
40,Toyota,Calya G 1.2,Minibus,HITAM,2018,2,Gasoline,5,1197,4,0,51000,B 2919 UKA,122500000,132500000,115000000,2415000,5/17/2028,5/17/2028,143000,2558000,Mirza Mobil,"Jl. I Gusti Ngurah Rai Jl. Kp. Sumur Utara No.80-81, RT.15/RW.17, Klender, Kec. Duren Sawit, Kota Jakarta Timur",Jakarta Timur,Mirza Mobil.jpg,NULL,NULL,NULL,4/11/2023 12:43,4/11/2023 12:43
42,Toyota,YARIS 1.5 S,MINIBUS,MERAH METALIK,2016,2,Gasoline,5,1497,4,0,55,B 2615 BFX,175000000,190000000,171000000,3591000,2/24/2026,2/24/2024,143000,3734000,YANSA AUTO,"Jl. Boulevard Raya Gading Serpong No.2, Curug Sangereng, Banten",Banten,2023-02-14.jpg,NULL,NULL,NULL,4/11/2023 15:05,4/11/2023 15:05
46,Toyota,FORTUNER2.7SRZ,JEEP L.C.HDTP,HITAM METALIK,2018,2,Gasoline,5,2694,4,0,98000,B 2951 SXW,385000000,400000000,409000000,8589000,4/10/2026,4/10/2024,143000,8732000,GARAGE 88,"Jl.Radio 1 No.19, Kebayoran Baru, Jakarta Selatan",Jakarta Selatan,2018-11-18.jpg,NULL,NULL,NULL,4/11/2023 18:13,4/11/2023 18:13
50,Toyota,RUSH 1.5 G,MINIBUS,HITAM,2019,2,Gasoline,5,1496,4,0,73000,B 2297 PKC,205000000,220000000,187000000,3927000,7/10/2024,7/10/2023,143000,4070000,GARAGE 88,"Jl.Radio 1 No.19, Kebayoran Baru, Jakarta Selatan",Jakarta Selatan,2018-11-18.jpg,NULL,NULL,NULL,4/11/2023 18:47,4/11/2023 18:47
51,Toyota,INNOVA VENTURER2.0,MINIBUS,PUTIH,2017,2,Gasoline,5,1998,4,0,118500,B 1307 PIR,295000000,310000000,284000000,5964000,9/7/2027,9/7/2023,143000,6107000,GARAGE 88,"Jl.Radio 1 No.19, Kebayoran Baru, Jakarta Selatan",Jakarta Selatan,2018-11-18.jpg,NULL,NULL,NULL,4/11/2023 18:54,4/11/2023 18:54
56,Toyota,CAMRY 2.5G,SEDAN,HITAM METALIK,2017,2,Gasoline,5,2494,4,0,78000,B 1014 PAI,240000000,255000000,336000000,6888000,6/13/2027,6/13/2023,143,7031000,GARAGE 88,"Jl.Radio 1 No.19, Kebayoran Baru, Jakarta Selatan",Jakarta Selatan,2018-11-18.jpg,NULL,NULL,NULL,4/11/2023 19:30,4/11/2023 19:30
61,Toyota,SIENTA 1.5,MINIBUS,PUTIH,2018,2,Gasoline,5,1496,4,0,95000,B 2693 TZI,180000000,195000000,190000000,3990000,4/6/2028,4/6/2024,143000,4133000,GARAGE 88,"Jl.Radio 1 No.19, Kebayoran Baru, Jakarta Selatan",Jakarta Selatan,2018-11-18.jpg,NULL,NULL,NULL,4/11/2023 20:03,4/11/2023 20:03
65,Toyota,COROLA ALTIS 1.8V,SEDAN,HITAM METALIK,2019,2,Gasoline,5,1798,4,0,46000,B 1420 SAQ,350000000,365000000,359000000,7359500,1/10/2025,1/10/2024,143000,7502500,GARAGE 88,"Jl.Radio 1 No.19, Kebayoran Baru, Jakarta Selatan",Jakarta Selatan,2018-11-18.jpg,NULL,NULL,NULL,4/11/2023 20:24,4/11/2023 20:24
67,Toyota,Kijang Innova Reborn G 2.0,Minibus,HITAM METALIK,2017,1,Gasoline,5,1998,4,0,57000,B 1936 PIE,232000000,252000000,205000000,4305000,2/24/2027,2/24/2027,143000,4448000,Mirza Mobil,"Jl. I Gusti Ngurah Rai Jl. Kp. Sumur Utara No.80-81, RT.15/RW.17, Klender, Kec. Duren Sawit, Kota Jakarta Timur",Jakarta Timur,Mirza Mobil.jpg,NULL,NULL,NULL,4/12/2023 6:19,4/12/2023 6:19
68,Toyota,Grand New Avanza G 1.3,Minibus,HITAM METALIK,2018,1,Gasoline,5,1329,4,0,142000,B 2004 BZM,157500000,167500000,147000000,3087000,2/6/2028,2/6/2028,143000,3230000,Mirza Mobil,"Jl. I Gusti Ngurah Rai Jl. Kp. Sumur Utara No.80-81, RT.15/RW.17, Klender, Kec. Duren Sawit, Kota Jakarta Timur",Jakarta Timur,Mirza Mobil.jpg,NULL,NULL,NULL,4/12/2023 6:23,4/12/2023 6:23
69,Toyota,New Vios G 1.5,SEDAN,SILVER METALIK,2016,2,Gasoline,4,1497,4,0,114000,B 1263 SAN,152000000,162000000,189,3874500,9/28/2026,9/28/2026,143000,4017500,Mirza Mobil,"Jl. I Gusti Ngurah Rai Jl. Kp. Sumur Utara No.80-81, RT.15/RW.17, Klender, Kec. Duren Sawit, Kota Jakarta Timur",Jakarta Timur,Mirza Mobil.jpg,NULL,NULL,NULL,4/12/2023 6:28,4/12/2023 6:28
72,Toyota,Kijang Innova Reborn G 2.0,Minibus,ABU ABU METALIK,2018,2,Gasoline,5,1998,4,0,40000,B 2657 PFI,260000000,280000000,228000000,4788000,6/28/2023,6/28/2023,143000,4931000,Mirza Mobil,"Jl. I Gusti Ngurah Rai Jl. Kp. Sumur Utara No.80-81, RT.15/RW.17, Klender, Kec. Duren Sawit, Kota Jakarta Timur",Jakarta Timur,Mirza Mobil.jpg,NULL,NULL,NULL,4/12/2023 12:17,4/12/2023 12:17
73,Toyota,Avanza G 2018,Minibus,ABU ABU METALIK,2018,1,Gasoline,5,1329,4,0,57000,B 2816 PFP,150000000,160000000,147000000,3087000,11/12/2023,11/12/2023,143000,3230000,FAMILY MOTOR 1,"Jl. I Gusti Ngurah Rai No.9, RT.12/RW.5, Cipinang Muara, Kecamatan Jatinegara, Kota Jakarta Timur",Jakarta Timur,FAMILY MOTOR 1.jpg,NULL,NULL,NULL,4/12/2023 12:35,4/12/2023 12:35
74,Toyota,Avanza Veloz,Minibus,SILVER METALIK,2017,2,Gasoline,5,1496,4,0,40000,B 1623 PIU,155000000,165000000,163000000,3423000,10/18/2027,10/28/2027,143000,3566000,FAMILY MOTOR 1,"Jl. I Gusti Ngurah Rai No.9, RT.12/RW.5, Cipinang Muara, Kecamatan Jatinegara, Kota Jakarta Timur",Jakarta Timur,FAMILY MOTOR 1.jpg,NULL,NULL,NULL,4/12/2023 12:38,4/12/2023 12:38
75,Toyota,Calya G,Minibus,PUTIH,2021,2,Gasoline,5,1197,4,0,33000,B 2084 BRV,139000000,149000000,122000000,2562000,7/27/2026,7/27/2026,143000,3266200,FAMILY MOTOR 1,"Jl. I Gusti Ngurah Rai No.9, RT.12/RW.5, Cipinang Muara, Kecamatan Jatinegara, Kota Jakarta Timur",Jakarta Timur,FAMILY MOTOR 1.jpg,NULL,NULL,NULL,4/12/2023 12:56,4/12/2023 12:56
80,Toyota,YARIS 1.5 S,MINIBUS,MERAH METALIK,2017,2,Gasoline,5,1497,4,0,75000,B 1621 PIY,185000000,200000000,179000000,3759000,12/6/2027,12/6/2023,143000,3902000,SILOAM MOBILINDO,"WTC Mangga Dua, Jl. Gn. Sahari No.8, RT.1/RW.13, Ancol, Kec. Pademangan, Jkt Utara",Jakarta Pusat,P_20160115_112025.jpg,NULL,NULL,NULL,4/12/2023 13:42,4/12/2023 13:42
82,Toyota,AVANZA 1.5 VELOZ,MINIBUS,HITAM,2017,2,Gasoline,5,1496,4,0,70000,B 2991 UFB,158000000,173000000,163000000,3423000,3/24/2027,3/24/2024,143000,3566000,SILOAM MOBILINDO,"WTC Mangga Dua, Jl. Gn. Sahari No.8, RT.1/RW.13, Ancol, Kec. Pademangan, Jkt Utara",Jakarta Pusat,P_20160115_112025.jpg,NULL,NULL,NULL,4/12/2023 13:53,4/12/2023 13:53
83,Toyota,KIJANG INNOVA2.0G,MINIBUS,SILVER METALIK,2019,2,Gasoline,5,1998,4,0,45000,B 2741 UKX,285000000,300000000,238000000,4998000,5/6/2024,5/6/2023,143000,5141000,SILOAM MOBILINDO,"WTC Mangga Dua, Jl. Gn. Sahari No.8, RT.1/RW.13, Ancol, Kec. Pademangan, Jkt Utara",Jakarta Pusat,P_20160115_112025.jpg,NULL,NULL,NULL,4/12/2023 13:59,4/12/2023 13:59
87,Toyota,ALPHARD 2.4X,MINIBUS,SILVER METALIK,2012,2,Gasoline,5,2362,4,0,65000,B 1175 PON,248000000,263000000,270000000,5670000,6/13/2027,6/13/2023,143000,5813000,MAJU JAYA MOTOR,"JL. Mangga Dua Raya, No. 8, RW.5, Ancol, Kec. Pademangan, Jkt Utara",Jakarta Utara,2020-02-29.jpg,NULL,NULL,NULL,4/13/2023 4:17,4/13/2023 4:17
96,Toyota,KIJANG INNOVA2.0,MINIBUS,SILVER METALIK,2017,2,Gasoline,5,1998,4,0,39000,B 2922 BZA,288000000,303000000,275000000,5775000,10/20/2027,10/20/2023,143000,5918000,BELLI AUTO CAR,"Pasar Mobil kemayoran Blok T no 8-9, RT.3/RW.6, Kemayoran, Kec. Kemayoran, Kota Jakarta Pusat",Jakarta Pusat,D31A4839-A749-4B5C-A27D-C79FE39859FB.jpeg,NULL,NULL,NULL,4/13/2023 5:49,4/13/2023 5:49
119,Toyota,AVANZA 1500,MINIBUS,HITAM METALIK,2010,2,Gasoline,5,1498,4,0,130000,B 1253 SVJ,100000000,115000000,101000000,2121000,8/10/2027,8/10/2023,143000,2264000,SAUNG MOBIL,"Jl. Raya Serpong No.39, Pd. Jagung, Kec. Serpong Utara, Kota Tangerang Selatan, Banten 15326",Banten,IMG-20200130-WA0001.jpg,NULL,NULL,NULL,4/13/2023 19:37,4/13/2023 19:37
125,Toyota,AVANZA 1.5 VELOZ,MINIBUS,HITAM METALIK,2020,2,Gasoline,5,1496,4,0,75000,B 2256 BIV,195000000,210000000,173000000,3633000,1/28/2025,1/28/2024,143000,3776000,PT.SURYA DARMA PERKAS,"Jl. Pecenongan No.51, RT.9/RW.3, Kb. Klp., Kecamatan Gambir, Kota Jakarta Pusat",Jakarta Pusat,2022-05-19.jpg,NULL,NULL,NULL,4/13/2023 20:21,4/13/2023 20:21
126,Toyota,RUSH 1.5 G,MINIBUS,HITAM METALIK,2018,2,Gasoline,5,1496,4,0,80000,B 2007 BYP,195000000,210000000,178000000,3738000,1/11/2024,1/11/2024,143000,3881000,PT.SURYA DARMA PERKAS,"Jl. Raya Daan Mogot No.km 1 no 99, RT.6/RW.5, Duri Kepa, Kec. Kb. Jeruk, Kota Jakarta Barat",Jakarta Barat,2022-05-19.jpg,NULL,NULL,NULL,4/13/2023 20:24,4/13/2023 20:24
127,Toyota,VIOS 1.5 G,SEDAN,HITAM METALIK,2018,2,Gasoline,5,1496,4,0,75000,B 1858 BAH,170500000,172000000,236000000,4838000,1/11/2024,1/11/2024,143000,4981000,PT.SURYA DARMA PERKAS,"Jl. Raya Daan Mogot No.km 1 no 99, RT.6/RW.5, Duri Kepa, Kec. Kb. Jeruk, Kota Jakarta Barat",Jakarta Barat,2022-05-19.jpg,NULL,NULL,NULL,4/13/2023 20:29,4/13/2023 20:29
129,Toyota,CAMRY 2.5V,SEDAN,HITAM METALIK,2018,2,Gasoline,5,2494,4,0,75000,B 1743 BAH,300000000,315000000,391000000,8015500,10/11/2023,11/11/2023,143000,8158500,PT.SURYA DARMA PERKAS,"Jl. Raya Daan Mogot No.km 1 no 99, RT.6/RW.5, Duri Kepa, Kec. Kb. Jeruk, Kota Jakarta Barat",Jakarta Barat,2022-05-19.jpg,NULL,NULL,NULL,4/13/2023 20:37,4/13/2023 20:37
132,Toyota,Alphard G,Minibus,HITAM,2017,2,Gasoline,5,2494,4,0,45000,B 2779 PBU,800000000,810000000,764000000,16044000,2/7/2028,2/7/2028,153000,16197000,ZUL GCR AUTO CARS,"Wtc Mangga Dua Jl. Raya Pantura No.8, Ancol, Kec. Pademangan, Jkt Utara",Jakarta Utara,NULL,NULL,NULL,NULL,4/14/2023 0:22,4/14/2023 0:22
141,Toyota,NEW AVANZ VELOZ1.5,MINIBUS,SILVER METALIK,2013,2,Gasoline,4,1495,4,0,95000,B 1398 PZH,120000000,135000000,129000000,2709000,4/26/2028,4/26/2024,143000,2852000,KING AUTO CARS,"Jl. Pahlawan Revolusi No.6, RT.6/RW.12, Pd. Bambu, Kec. Duren Sawit, Kota Jakarta Timur",Jakarta Timur,IMG_0522.JPG,NULL,NULL,NULL,4/15/2023 4:22,4/15/2023 4:22
144,Toyota,COROLA ALTIS 1.8V,SEDAN,HITAM METALIK,2020,2,Gasoline,5,1798,4,0,16000,B 1372 TAH,399900000,400000000,373000000,7646500,12/8/2025,12/8/2023,143000,7789500,Martak Auto Boutique,"Jl Pahlawan Revolusi no 39A, Pondok Bambu Jakarta Timur",Jakarta Timur,2022-12-31.jpg,NULL,NULL,NULL,4/15/2023 11:39,4/15/2023 11:39
154,Toyota,NEW AVANZA 1.3G,MINIBUS,SILVER METALIK,2012,2,Gasoline,5,1298,4,0,185000,B 1554 SZI,113000000,128000000,111000000,2331000,4/20/2027,4/20/2023,143000,2474000,THOR MOTOR,"Jl. Marsekal Suryadarma No.52, RT.003/RW.008, Neglasari, Kec. Neglasari, Kota Tangerang, Banten 15129",Banten,IMG_20190129_162739.jpg,NULL,NULL,NULL,4/15/2023 13:15,4/15/2023 13:15
159,Toyota,KIJANG INNOVA G,Minibus,HITAM METALIK,2013,2,Gasoline,5,1998,4,0,128000,B 1115 URB,159000000,149000000,146000000,3066000,12/2/2023,12/2/2023,143000,3209000,BEST MOBILINDO,"Jl. Industri Raya No.10, RW.10, Danau Sunter Dll, Kec. Pademangan, Kota Jkt Utara",Jakarta Utara,BEST MOBILINDO.jpg,NULL,NULL,NULL,4/15/2023 21:01,4/15/2023 21:01
162,Toyota,RUSH 1.5S,SUV,PUTIH,2021,2,Gasoline,5,1496,4,0,17000,B 2568 UOY,250000000,240000000,204000000,4284000,4/12/2026,4/12/2026,143000,4427000,BEST MOBILINDO,"Jl. Industri Raya No.10, RW.10, Danau Sunter Dll, Kec. Pademangan, Kota Jkt Utara",Jakarta Utara,BEST MOBILINDO.jpg,NULL,NULL,NULL,4/15/2023 21:19,4/15/2023 21:19
167,Toyota,VIOS 1.5G,SEDAN,HITAM METALIK,2012,2,Gasoline,5,1497,4,0,120000,B 1394 UAD,110000000,125000000,117000000,2398500,9/11/2027,9/11/2023,143000,2541500,SURYA ABADI MOTOR,"Jl. Pahlawan Revolusi No.8, RT.6/RW.12, Pd. Bambu, Kec. Duren Sawit, Kota Jakarta Timur",Jakarta Timur,2021-03-05.jpg,NULL,NULL,NULL,4/16/2023 5:26,4/16/2023 5:26
168,Toyota,B401RAGMZFJ,MINIBUS,SILVER METALIK,2018,1,Gasoline,5,1197,4,0,120000,B 2841 SYG,109000000,124000000,107000000,2247000,8/15/2023,8/15/2023,143000,2390000,SURYA ABADI MOTOR,"Jl. Pahlawan Revolusi No.8, RT.6/RW.12, Pd. Bambu, Kec. Duren Sawit, Kota Jakarta Timur",Jakarta Timur,2021-03-05.jpg,NULL,NULL,NULL,4/16/2023 5:30,4/16/2023 5:30
171,Toyota,RUSH 1.5 S,SUV,HITAM METALIK,2019,2,Gasoline,5,1496,4,0,40000,B 2283 TYM,225000000,215000000,191000000,4011000,4/15/2024,4/15/2024,143000,4154000,BEST MOBILINDO,"Jl. Industri Raya No.10, RW.10, Danau Sunter Dll, Kec. Pademangan, Kota Jkt Utara",Jakarta Utara,BEST MOBILINDO.jpg,NULL,NULL,NULL,4/16/2023 7:03,4/16/2023 7:03
172,Toyota,RUSH 1.5S,MINIBUS,PUTIH,2022,2,Gasoline,5,1496,4,0,10000,10000,237000000,252000000,215000000,5643800,9/1/2027,9/1/2023,143000,5786800,ASHENA MOBILINDO,"Jl. Pahlawan Revolusi No.2, Pd. Bambu, Kec. Duren Sawit, Kota Jakarta Timur",Jakarta Timur,thumbnail (1).jpg,NULL,NULL,NULL,4/16/2023 15:27,4/16/2023 15:27
176,Toyota,AGYA 1.2 G,MINIBUS,PUTIH,2019,1,Gasoline,5,1197,4,0,40000,B 2835 UOC,114000000,130000000,108000000,2268000,8/2/2024,8/2/2023,143000,2411000,ASHENA MOBILINDO,"Jl. Pahlawan Revolusi No.2, Pd. Bambu, Kec. Duren Sawit, Kota Jakarta Timur",Jakarta Timur,thumbnail (1).jpg,NULL,NULL,NULL,4/16/2023 15:45,4/16/2023 15:45
177,Toyota,RUSH 1.5S,MINIBUS,HITAM METALIK,2020,2,Gasoline,5,1496,4,0,30000,B 2864 BRE,223000000,238000000,200000000,4200000,9/29/2025,9/29/2023,143000,4343000,JUARA MOBIL,"Bursa Mobil Bekas Tems Grand ITC Permata Hijau Lantai 5 Lot B.8, Jl. Arteri Permata Hijau No.11, RT.11/RW.10, Grogol Utara, Kec. Kby. Lama",Jakarta Selatan,2022-05-23.jpg,NULL,NULL,NULL,4/16/2023 16:09,4/16/2023 16:09
181,Toyota,CAMRY 2.5V AT,SEDAN,HITAM METALIK,2017,2,Gasoline,5,2494,4,0,90000,B 1270 PAI,263000000,278000000,355000000,7277500,11/7/2027,11/7/2023,143000,7420500,TIMUR JAYA MOBIL,"Jl. Angkasa No.Kav B6, RW.10, South Gunung Sahari, Kemayoran, Jakarta",Jakarta Pusat,timur-68.jpg,NULL,NULL,NULL,4/16/2023 17:24,4/16/2023 17:24
183,Toyota,SIENTA 1.5,MINIBUS,HITAM METALIK,2016,2,Gasoline,5,1496,4,0,70000,B 2033 PVB,170000000,185000000,178000000,4672500,2/22/2028,2/22/2024,143000,4815500,TIMUR JAYA MOBIL,"Jl. Angkasa No.Kav B6, RW.10, South Gunung Sahari, Kemayoran, Jakarta",Jakarta Pusat,timur-68.jpg,NULL,NULL,NULL,4/16/2023 17:47,4/16/2023 17:47
187,Toyota,ETIOS 1.2 G,MINIBUS,BIRU METALIK,2013,1,Gasoline,5,1197,4,0,90000,B 1846 SRV,85000000,100000000,85000000,1785000,6/7/2023,6/7/2023,143000,2228000,TIMUR JAYA MOBIL,"Jl. Angkasa No.Kav B6, RW.10, South Gunung Sahari, Kemayoran, Jakarta",Jakarta Pusat,timur-68.jpg,NULL,NULL,NULL,4/16/2023 18:11,4/16/2023 18:11
190,Toyota,B401RAGMQFJ(CAL12E,MINIBUS,SILVER METALIK,2017,1,Gasoline,5,1197,4,0,70000,B 2712 SOO,101000000,116000000,100000000,2100000,2/17/2027,2/17/2023,143000,2362000,TIMUR JAYA MOBIL,"Jl. Angkasa No.Kav B6, RW.10, South Gunung Sahari, Kemayoran, Jakarta",Jakarta Pusat,timur-68.jpg,NULL,NULL,NULL,4/16/2023 18:23,4/16/2023 18:23
193,Toyota,ALPHARD 2.4X,MPV,HITAM,2011,2,Gasoline,5,2362,4,0,120000,B 1011 SSC,225000000,235000000,252000000,6615000,3/3/2024,3/3/2024,143000,6758000,TOKO MOBILKU,"Jl. Meruya Selatan No. 43, , Meruya Selatan, Kec. Kembangan, Jakarta Barat",Jakarta Barat,Toko mobilku.jpg,NULL,NULL,NULL,4/16/2023 19:18,4/16/2023 19:18
194,Toyota,VOXY20,MPV,HITAM,2019,2,Gasoline,5,1987,4,0,40000,B 2407 PKL,385000000,390000000,350000000,7350000,12/11/2024,12/11/2024,143000,7493001,TOKO MOBILKU,"Jl. Meruya Selatan No. 43, , Meruya Selatan, Kec. Kembangan, Jakarta Barat",Jakarta Barat,Toko mobilku.jpg,NULL,NULL,NULL,4/16/2023 19:23,4/16/2023 19:23
197,Toyota,ALPHARD 2.4X,MPV,HITAM,2012,2,Gasoline,5,2362,4,0,120000,B 2332 SBO,275000000,285000000,270000000,5670000,11/8/2027,11/8/2027,143000,5813000,TOKO MOBILKU,"Jl. Meruya Selatan No. 43, , Meruya Selatan, Kec. Kembangan, Jakarta Barat",Jakarta Barat,Toko mobilku.jpg,NULL,NULL,NULL,4/16/2023 21:29,4/16/2023 21:29
199,Toyota,VELLFIRE 2.5 G,MPV,PUTIH METALIK,2015,2,Gasoline,5,2494,4,0,100000,B 2532 TBP,750000000,760000000,570000000,11970000,11/23/2023,11/23/2023,153000,12123000,TOKO MOBILKU,"Jl. Meruya Selatan No. 43, , Meruya Selatan, Kec. Kembangan, Jakarta Barat",Jakarta Barat,Toko mobilku.jpg,NULL,NULL,NULL,4/16/2023 21:44,4/16/2023 21:44
203,Toyota,Corolla All New,SEDAN,HITAM METALIK,1999,1,Gasoline,5,1800,4,0,60000,B 1345 KBC,66500000,66500000,,,,,,,ESCO AUTO,"Jl. BB No. 01 A RT.3/RW.8 Cipinang Muara, Jatinegara, Jakarta Timur",Jakarta Timur,NULL,NULL,NULL,NULL,,
103,Hyundai,Palisade Signature,SUV,HITAM,2021,2,Diesel,5,2199,4,0,26000,B 2571 UZO,735000000,745000000,463000000,12153800,1/31/2027,1/31/2027,143000,12296800,ZUL GCR AUTO CARS,"Wtc Mangga Dua LT 3A Jl. Mangga Dua Raya, RT.11/RW.5, Ancol, Kec. Pademangan, Jkt Utara",Jakarta Utara,wtc mangga 2.jpg,NULL,NULL,NULL,4/13/2023 11:01,4/13/2023 11:01
106,Hyundai,Tucson,SUV,PUTIH,2018,2,Diesel,5,1995,4,0,38000,B 1409 SM,305000000,315000000,334000000,7014000,9/3/2023,9/3/2023,143000,7157000,ZUL GCR AUTO CARS,"Wtc Mangga Dua Jl. Raya Pantura No.8, Ancol, Kec. Pademangan, Jkt Utara",Jakarta Utara,wtc mangga 2.jpg,NULL,NULL,NULL,4/13/2023 11:19,4/13/2023 11:19
130,Hyundai,H1 Royale,Minibus,ABU ABU METALIK,2016,2,Diesel,5,2497,4,0,80000,B 2305 SKR,305000000,312000000,305000000,6405000,6/10/2026,6/10/2026,153000,6558000,ZUL GCR AUTO CARS,"Wtc Mangga Dua Jl. Raya Pantura No.8, Ancol, Kec. Pademangan, Jkt Utara",Jakarta Utara,NULL,NULL,NULL,NULL,4/14/2023 0:05,4/14/2023 0:05
86,Isuzu,TBR 54F TURBO LV,MINIBUS,SILVER METALIK,2012,1,Diesel,4,2499,4,1,80000,B 1754 UOO,138000000,153000000,121000000,2541000,4/18/2027,4/18/2024,153000,2694000,MAJU JAYA MOTOR,"JL. Mangga Dua Raya, No. 8, RW.5, Ancol, Kec. Pademangan, Jkt Utara",Jakarta Utara,2020-02-29.jpg,NULL,NULL,NULL,4/13/2023 4:10,4/13/2023 4:10
84,Mitsubishi,PAJ SPO25 HPE4X2,JEEP L.C.HDTP,HITAM,2015,2,Diesel,5,2477,4,1,80000,B 2420 SXC,310000000,325000000,295000000,6195000,8/24/2025,8/24/2023,143000,6338000,SILOAM MOBILINDO,"WTC Mangga Dua, Jl. Gn. Sahari No.8, RT.1/RW.13, Ancol, Kec. Pademangan, Jkt Utara",Jakarta Pusat,P_20160115_112025.jpg,NULL,NULL,NULL,4/12/2023 14:06,4/12/2023 14:06
121,Mitsubishi,PAJ SPO24L,JEEP L.C.HDTP,HITAM,2019,2,Diesel,5,2442,6,1,70000,B 1377 PJP,448000000,463000000,365000000,7665000,6/16/2024,6/16/2023,143000,7808000,FARREL MOTOR,"Pondok kelapa 2 blok A 8 no.35 jakarta timur Jakarta, RT.2/RW.4, Pd. Klp., Kec. Duren Sawit, Kota Jakarta Timur",Jakarta Timur,2022-10-18.jpg,NULL,NULL,NULL,4/13/2023 19:56,4/13/2023 19:56
189,Mitsubishi,PAJSPO24LDAKARK2W8,JEEP S.C.HDTP,HITAM,2019,2,Diesel,5,2442,4,1,70000,B 1906 UJT,450000000,465000000,366000000,7686000,9/10/2024,9/10/2023,143000,7829000,TIMUR JAYA MOBIL,"Jl. Angkasa No.Kav B6, RW.10, South Gunung Sahari, Kemayoran, Jakarta",Jakarta Pusat,timur-68.jpg,NULL,NULL,NULL,4/16/2023 18:19,4/16/2023 18:19
79,Toyota,FORTUNER 2.5,JEEP S.C.HDTP,PUTIH,2015,2,Diesel,5,2494,4,0,85000,B 2011 PBO,305000000,320000000,289000000,6069000,10/26/2025,10/26/2023,143000,6212000,SILOAM MOBILINDO,"WTC Mangga Dua, Jl. Gn. Sahari No.8, RT.1/RW.13, Ancol, Kec. Pademangan, Jkt Utara",Jakarta Pusat,P_20160115_112025.jpg,NULL,NULL,NULL,4/12/2023 13:38,4/12/2023 13:38
102,Toyota,VOXY20,MINIBUS,HITAM COKLAT,2018,2,Diesel,5,1987,4,0,59000,B 2481 BZX,368000000,383000000,349000000,7329000,6/5/2023,6/5/2023,143000,7772000,FAVOR AUTO,"bella terra, Klp. Gading Bar., Kec. Klp. Gading, Jkt Utara",Jakarta Utara,thumbnail.jpg,NULL,NULL,NULL,4/13/2023 6:52,4/13/2023 6:52
138,Toyota,Kijang Innova 2.0 G,Minibus,SILVER METALIK,2012,2,Diesel,5,1998,4,0,90000,B 1008 RO,155000000,142000000,144000000,3024000,2/9/2027,2/9/2027,143000,3167000,TOKO MOBILKU,"Jl. Meruya Selatan No. 43, , Meruya Selatan, Kec. Kembangan, Jakarta Barat",Jakarta Barat,Toko mobilku.jpg,NULL,NULL,NULL,4/14/2023 3:54,4/14/2023 3:54
158,Toyota,INNOVA G,Minibus,SILVER METALIK,2013,1,Diesel,5,2494,4,0,98000,B 1195 BMR,220000000,210000000,175000000,5512500,1/27/2028,1/27/2028,153000,5665500,BEST MOBILINDO,"Jl. Industri Raya No.10, RW.10, Danau Sunter Dll, Kec. Pademangan, Kota Jkt Utara",Jakarta Utara,NULL,NULL,NULL,NULL,4/15/2023 20:56,4/15/2023 20:56
170,Toyota,FORTUNER 2.5,JEEP S.C.HDTP,HITAM METALIK,2015,2,Diesel,5,2494,4,1,130000,B 1206 UJM,295000000,310000000,289000000,7586300,1/14/2026,1/14/2024,143000,7729300,ANGEL CARS,"Ps. Mobil Kemayoran, Jl. Industri Raya No.11, RW.10, Kemayoran, Kec. Kemayoran, Kota Jakarta Pusat",Jakarta Pusat,2023-03-22.jpg,NULL,NULL,NULL,4/16/2023 6:15,4/16/2023 6:15
179,Toyota,K INNOVA G DIESEL,MICRO/MINIBUS,SILVER METALIK,2012,1,Diesel,5,2494,4,0,120000,B 1974 BZU,182000000,197000000,152000000,3192000,9/27/2027,9/27/2023,153000,3345000,TIMUR JAYA MOBIL,"Jl. Angkasa No.Kav B6, RW.10, South Gunung Sahari, Kemayoran, Jakarta",Jakarta Pusat,timur-68.jpg,NULL,NULL,NULL,4/16/2023 17:07,4/16/2023 17:07
185,Toyota,K INNOVA G DIESEL,MINIBUS,PUTIH,2013,2,Diesel,5,2494,4,0,120000,B 1882 BRJ,196000000,211000000,175000000,3675000,3/16/2028,3/16/2024,153000,3828000,TIMUR JAYA MOBIL,"Jl. Angkasa No.Kav B6, RW.10, South Gunung Sahari, Kemayoran, Jakarta",Jakarta Pusat,timur-68.jpg,NULL,NULL,NULL,4/16/2023 17:57,4/16/2023 17:57
